route_id,topsis_selected,topsis_rank,topsis_closeness,steps,horizontal_length_m,terrain_following_length_m,flight_time_s,average_ground_speed_mps,navigation_deficit_s,average_navigation_quality,visibility_deficit_s,average_visibility,energy_used_wh,battery_remaining_wh,minimum_altitude_msl_m,maximum_altitude_msl_m
0,False,656,0.3947360238734181,36,3624.264068711929,3624.9940840036666,205.19689478741245,17.66237287589917,39.21379268365406,0.8088967538993208,30.29161264396221,0.8523778214317286,25.649611848426556,274.35038815157344,263.58477783203125,287.0068054199219
1,False,655,0.3948350270740559,36,3624.264068711929,3625.0253353027692,205.21620873502602,17.660710579599286,39.133391560180264,0.8093065269970509,30.29161264396221,0.8523917149104213,25.652026091878252,274.34797390812173,263.58477783203125,287.0068054199219
2,False,654,0.3953639185182274,36,3624.264068711929,3625.066820517723,205.2464639913541,17.65810722500242,38.79694023525888,0.8109738921646261,30.29161264396221,0.8524134737578806,25.65580799891926,274.3441920010807,263.58477783203125,287.0068054199219
3,False,633,0.446727784959136,36,3624.264068711929,3624.927960522399,205.25701062626794,17.65719990588283,39.31143884349078,0.8084769980642996,26.31856633390328,0.871777503464551,25.657126328283493,274.3428736717165,263.58477783203125,287.0068054199219
4,False,632,0.4468457081723205,36,3624.264068711929,3624.959211821502,205.2763245738815,17.655538583103922,39.23103772001697,0.8088866906524468,26.31856633390328,0.8717895676058303,25.65954057173519,274.3404594282648,263.58477783203125,287.0068054199219
5,False,629,0.44743738293948565,36,3624.264068711929,3625.0006970364557,205.30657983020959,17.652936752973183,38.89458639509559,0.8105536294683698,26.31856633390328,0.8718084614936892,25.6633224787762,274.3366775212238,263.58477783203125,287.0068054199219
6,False,726,0.3544743994499517,36,3624.264068711929,3625.003475282597,205.36750500553202,17.647699759581254,38.75181821745832,0.8113050152875234,34.426238317556475,0.8323676459105391,25.670938125691503,274.3290618743085,263.58477783203125,287.0068054199219
7,False,657,0.3942253004903691,36,3624.264068711929,3625.077856569181,205.38517679612332,17.646181312829476,38.646148902496584,0.8118357444030204,30.38871160730069,0.8520403853805565,25.67314709951542,274.3268529004846,263.58477783203125,287.0068054199219
8,False,724,0.355071770950804,36,3624.264068711929,3625.0762117966533,205.41707420947367,17.643441192313414,38.33496576906313,0.8133798472371818,34.426238317556475,0.8324080972818726,25.67713427618421,274.32286572381577,263.58477783203125,287.0068054199219
9,False,757,0.3391037553199231,36,3624.264068711929,3624.9216855701784,205.50393098967422,17.635984145208564,38.01479822021921,0.8150166858748347,36.73714139814991,0.8212338750834124,25.687991373709277,274.3120086262907,263.58477783203125,286.8056945800781
10,False,756,0.3392005997629061,36,3624.264068711929,3624.952936869281,205.52324493728784,17.634326812121987,37.93439709674541,0.8154252716848622,36.73714139814991,0.8212506745436037,25.69040561716098,274.309594382839,263.58477783203125,286.8056945800781
11,False,750,0.33972774200654177,36,3624.264068711929,3624.994422084235,205.55350019361586,17.63173122957355,37.59794577182402,0.8170892456883021,36.73714139814991,0.8212769845147551,25.69418752420198,274.305812475798,263.58477783203125,286.8056945800781
12,False,728,0.35425625243190134,36,3624.264068711929,3625.0872478481115,205.55578701424295,17.631535075491716,38.18417443630084,0.8142393605602791,34.52333728089496,0.832048818559884,25.69447337678037,274.30552662321963,263.58477783203125,287.0068054199219
13,False,606,0.505148751870756,36,3624.264068711929,3624.904169854669,205.57747636575968,17.62967486897108,40.011747004501764,0.8053690136106467,22.50585206325726,0.8905237457861616,25.697184545719956,274.30281545428005,263.58477783203125,287.0068054199219
14,False,605,0.5052946593103298,36,3624.264068711929,3624.9354211537716,205.59679031337325,17.628018721439084,39.93134588102796,0.8057783595737847,22.50585206325726,0.8905340300840614,25.699598789171656,274.30040121082834,263.58477783203125,287.0068054199219
15,False,751,0.33966357230383704,36,3624.264068711929,3625.141427922086,205.6063973277382,17.627195047510238,37.57082121073744,0.8172682285228252,36.73714139814991,0.8213229652597306,25.700799665967274,274.2992003340327,263.58477783203125,288.885009765625
16,False,743,0.34038284320585804,36,3624.264068711929,3625.120163779758,205.6087540795653,17.626992999089097,37.176001160114296,0.8191905722762751,36.73714139814991,0.8213250133117699,25.701094259945663,274.29890574005435,263.58477783203125,288.885009765625
17,False,604,0.5059839947650971,36,3624.264068711929,3624.9769063687254,205.62704556970132,17.62542499538765,39.594894556106574,0.8074431578472244,22.50585206325726,0.8905501365304183,25.703380696212665,274.29661930378734,263.58477783203125,287.0068054199219
18,False,741,0.34049289267722704,36,3624.264068711929,3625.1514150788607,205.62806802717887,17.62533735536966,37.09560003664049,0.8195985577623703,36.73714139814991,0.8213417956477898,25.70350850339736,274.29649149660264,263.58477783203125,288.885009765625
19,False,736,0.3410740430685827,36,3624.264068711929,3625.1929002938145,205.65832328350695,17.622744418254147,36.75914871171911,0.8212610696964334,36.73714139814991,0.8213680788036645,25.707290410438368,274.29270958956164,263.58477783203125,288.885009765625
20,False,753,0.3394721824262159,36,3624.264068711929,3625.1174082241737,205.69547176505296,17.619561760949182,37.87809958416463,0.8158535078135832,36.64857020442405,0.8218309334184841,25.71193397063162,274.2880660293684,263.58477783203125,288.885009765625
21,False,752,0.3395716569646191,36,3624.264068711929,3625.1486595232764,205.71478571266653,17.61790751285201,37.797698460690825,0.816261634623167,36.64857020442405,0.8218476611806933,25.714348214083316,274.2856517859167,263.58477783203125,288.885009765625
22,False,746,0.3401098976758894,36,3624.264068711929,3625.19014473823,205.7450409689946,17.615316761185507,37.46124713576944,0.8179239365413683,36.64857020442405,0.8218738588700812,25.718130121124325,274.2818698788757,263.58477783203125,288.885009765625
23,False,628,0.4510054246301172,36,3624.264068711929,3625.000207784889,205.75563280561974,17.614409964347477,39.50105837580283,0.808019552917319,25.943425094986946,0.8739114708976348,25.719454100702468,274.2805458992975,263.58477783203125,287.0068054199219
24,False,742,0.34048520000292987,36,3624.264068711929,3625.2039363452727,205.79703608827617,17.610866208769448,36.60835737895681,0.8221142632819369,36.83424036148839,0.8210166625252638,25.72462951103452,274.27537048896545,263.58477783203125,288.885009765625
25,False,599,0.5133882927569052,36,3624.264068711929,3624.9065786082224,205.80059582266657,17.610561593489606,40.24468793847432,0.8044481466265909,21.972557361388635,0.8932337524410189,25.72507447783332,274.27492552216665,263.58477783203125,287.0068054199219
26,False,598,0.5135399174589154,36,3624.264068711929,3624.937829907325,205.81990977028013,17.608909034879304,40.164286815000516,0.8048571352507699,21.972557361388635,0.8932437712857193,25.727488721285017,274.272511278715,263.58477783203125,287.0068054199219
27,False,597,0.5142506116986317,36,3624.264068711929,3624.979315122279,205.8501650266082,17.60632092883412,39.82783549007913,0.8065202644606528,21.972557361388635,0.893259462004568,25.731270628326026,274.268729371674,263.58477783203125,287.0068054199219
28,False,596,0.5149636495901654,36,3624.264068711929,3624.9093681066415,205.98572876512398,17.594733821800393,40.60624389014508,0.802868654379224,21.817409277901962,0.8940829085165442,25.7482160956405,274.2517839043595,263.58477783203125,287.0068054199219
29,False,584,0.5839836223882171,36,3624.264068711929,3624.8982190046263,206.00415297003988,17.593160217692418,40.33014583743466,0.8042265398246604,18.033379486165085,0.9124610876714327,25.75051912125498,274.24948087874503,263.58477783203125,287.0068054199219
30,False,583,0.5841914957358589,36,3624.264068711929,3624.929470303729,206.02346691765345,17.591510923173278,40.24974471396085,0.8046351451310716,18.033379486165085,0.9124692941247662,25.75293336470668,274.2470666352933,263.58477783203125,287.0068054199219
31,False,595,0.5158348665865335,36,3624.264068711929,3624.982104620698,206.03529796906562,17.59050077553255,40.18939144174989,0.8049392903162449,21.817409277901962,0.8941083906837282,25.754412246133203,274.2455877538668,263.58477783203125,287.0068054199219
32,False,581,0.5851147941970564,36,3624.264068711929,3624.970955518683,206.05372217398153,17.588927928473822,39.91329338903947,0.8062966639576709,18.033379486165085,0.9124821464232585,25.75671527174769,274.2432847282523,263.58477783203125,287.0068054199219
33,False,626,0.452973943141545,36,3624.264068711929,3624.875945809798,206.06844965841154,17.587670867227246,39.393101474488006,0.8088348723941593,25.788277011500274,0.8748557721754684,25.75855620730144,274.24144379269853,263.58477783203125,287.0068054199219
34,False,627,0.4529652425194627,36,3624.264068711929,3624.942371975332,206.10011174759873,17.584968964744657,39.36816983294939,0.8089852086972094,25.788277011500274,0.8748749974328884,25.76251396844984,274.23748603155013,262.82330322265625,287.0068054199219
35,False,754,0.3393906724608128,36,3624.264068711929,3625.0049688841264,206.1412659737953,17.58145828585649,38.05362641976897,0.815400248756567,36.459099122572056,0.8231353681159271,25.767658246724416,274.2323417532756,263.58477783203125,286.8056945800781
36,False,594,0.5167083402789584,36,3624.264068711929,3624.855053147188,206.1629818794,17.579606366151754,39.71987858876431,0.8073374850000986,21.817409277901962,0.8941739730430142,25.770372734925,274.229627265075,263.58477783203125,287.0068054199219
37,False,578,0.5856232519567587,36,3624.264068711929,3624.9010085030454,206.1892859124973,17.577363696045758,40.691701789105416,0.8026488058823087,17.878231402678413,0.9132921416185243,25.773660739062162,274.22633926093783,263.58477783203125,287.0068054199219
38,False,755,0.33932341942656796,36,3624.264068711929,3625.1519747219777,206.19416310791763,17.576947931426492,38.02650185868239,0.8155791546883889,36.459099122572056,0.8231807410402294,25.774270388489704,274.2257296115103,263.58477783203125,288.885009765625
39,False,593,0.5167174447312265,36,3624.264068711929,3624.921479312722,206.1946439685872,17.57690694072572,39.694946947225695,0.8074879823101854,21.817409277901962,0.8941902230921879,25.7743304960734,274.2256695039266,262.82330322265625,287.0068054199219
40,False,748,0.34001727938160226,36,3624.264068711929,3625.1307105796495,206.19651985974474,17.576747033253326,37.63168180805924,0.8174960380822316,36.459099122572056,0.8231827620205636,25.774564982468092,274.22543501753194,263.58477783203125,288.885009765625
41,False,577,0.5858367958139366,36,3624.264068711929,3624.932259802148,206.20859986011092,17.57571736179083,40.61130066563161,0.8030571921191368,17.878231402678413,0.9133002628658224,25.776074982513865,274.2239250174861,263.58477783203125,287.0068054199219
42,False,745,0.34012178714634334,36,3624.264068711929,3625.161961878752,206.2158338073583,17.575100814506932,37.551280684585436,0.8179030194176801,36.459099122572056,0.8231993225281079,25.77697922591979,274.2230207740802,263.58477783203125,288.885009765625
43,False,574,0.5867836850932795,36,3624.264068711929,3624.973745017102,206.23885511643894,17.57313900266626,40.274849340710226,0.8047174509479713,17.878231402678413,0.9133129817241049,25.779856889554868,274.2201431104451,263.58477783203125,287.0068054199219
44,False,739,0.34068143940110895,36,3624.264068711929,3625.203447093706,206.24608906368638,17.57252263626099,37.21482935966405,0.8195610422063686,36.459099122572056,0.8232252582917394,25.780761132960798,274.2192388670392,263.58477783203125,288.885009765625
45,False,573,0.5871998147888091,36,3624.2640687119283,3624.9114373256507,206.33750734744874,17.56473709168679,40.09040917645573,0.8057046937717045,17.878231402678413,0.9133544277406942,25.792188418431092,274.20781158156893,262.82330322265625,287.0068054199219
46,False,570,0.5879830586227038,36,3624.264068711929,3624.8466935435918,206.36653902677332,17.562266081526566,39.805336487724645,0.8071134173425255,17.878231402678413,0.9133666170543329,25.795817378346662,274.20418262165333,263.58477783203125,287.0068054199219
47,False,749,0.3399652677760802,36,3624.264068711929,3625.1335000780687,206.38165280220215,17.560979958743975,37.99323775972999,0.815907871441736,36.30395103908538,0.8240931277264293,25.79770660027527,274.20229339972474,263.58477783203125,288.885009765625
48,False,565,0.6202161425219433,36,3624.264068711929,3624.918595189071,206.39266748931485,17.560042770897184,40.1776059053394,0.8053341410134184,16.136939289629403,0.9218143770031713,25.799083436164356,274.2009165638356,263.58477783203125,287.0068054199219
49,False,569,0.5880163685467048,36,3624.264068711929,3624.913119709126,206.39820111596052,17.559571978419097,39.78040484618603,0.8072638005995205,17.878231402678413,0.913379906869276,25.799775139495065,274.20022486050493,262.82330322265625,287.0068054199219
50,False,747,0.34006467100990284,36,3624.264068711929,3625.1647513771713,206.40096674981578,17.559336691988456,37.91283663625619,0.8163146363446477,36.30395103908538,0.8241095881925282,25.800120843726972,274.199879156273,263.58477783203125,288.885009765625
51,False,564,0.6204586475539803,36,3624.264068711929,3624.9498464881735,206.41198143692847,17.558399679523276,40.09720478186559,0.8057418735931385,16.136939289629403,0.9218216928237752,25.801497679616055,274.19850232038397,263.58477783203125,287.0068054199219
52,False,740,0.340603864638345,36,3624.264068711929,3625.206236592125,206.4312220061438,17.55676313636347,37.5763853113348,0.817971404973728,36.30395103908538,0.824135367284679,25.80390275076797,274.196097249232,263.58477783203125,288.885009765625
53,False,561,0.6215159649057053,36,3624.264068711929,3624.9913317031273,206.4422366932565,17.555826398534254,39.76075345694421,0.8074001033227374,16.136939289629403,0.9218331502888792,25.80527958665706,274.19472041334296,263.58477783203125,287.0068054199219
54,False,738,0.34073216395236733,36,3624.2640687119283,3625.143928900674,206.5298742371536,17.548376873315032,37.39194514708031,0.818951397296916,36.30395103908538,0.8242193717825133,25.8162342796442,274.1837657203558,262.82330322265625,288.885009765625
55,False,559,0.6220000824263836,36,3624.2640687119283,3624.929024011676,206.54088892426628,17.547441030143244,39.57631329268971,0.808385092662202,16.136939289629403,0.9218704859184254,25.817611115533285,274.1823888844667,262.82330322265625,287.0068054199219
56,False,734,0.34120967252657125,36,3624.264068711929,3625.079185118615,206.55890591647818,17.54591046380443,37.10687245834923,0.8203569471201917,36.30395103908538,0.8242440776009685,25.819863239559773,274.18013676044023,263.58477783203125,288.885009765625
57,False,556,0.6228684004385784,36,3624.264068711929,3624.864280229617,206.56992060359087,17.54497488367107,39.29124060395863,0.8097920525449647,16.136939289629403,0.9218814663699451,25.821240075448863,274.1787599245511,263.58477783203125,287.0068054199219
58,False,735,0.3411896396223046,36,3624.264068711929,3625.1456112841493,206.59056800566538,17.543221375975598,37.081940816810615,0.8205051606431824,36.30395103908538,0.8242710139695738,25.82382100070817,274.17617899929184,262.82330322265625,288.885009765625
59,False,555,0.6229126084239308,36,3624.264068711929,3624.9307063951514,206.60158269277807,17.542286082586813,39.26630896242001,0.809941877256526,16.136939289629403,0.921893438185198,25.82519783659726,274.1748021634027,262.82330322265625,287.0068054199219
60,False,630,0.4471167800754841,36,3624.2640687119283,3624.795694758673,206.67140434203762,17.536359615159114,39.11528244826981,0.8107368429957795,26.1426213583028,0.8735063448108321,25.833925542754702,274.1660744572453,262.97314453125,287.0068054199219
61,False,554,0.6232809550557006,36,3624.2640687119283,3624.9318679737253,206.6921637096406,17.534598330506928,39.11687054501371,0.8107481684696825,16.136939289629403,0.9219276676966891,25.836520463705074,274.1634795362949,262.82330322265625,287.0068054199219
62,False,549,0.6241257614488289,36,3624.264068711929,3624.8671241916663,206.72119538896513,17.532135792329083,38.83179785628263,0.812153766897405,16.136939289629403,0.9219386320823743,25.84014942362064,274.15985057637937,263.58477783203125,287.0068054199219
63,False,631,0.4470725092555899,36,3624.2640687119283,3624.889094695822,206.74173302948859,17.53039415701803,38.69856207517388,0.8128168826481971,26.19185143951849,0.8733112514066881,25.842716628686073,274.15728337131395,262.97314453125,287.0068054199219
64,False,548,0.6241678428673494,36,3624.264068711929,3624.9335503572006,206.75285747815232,17.529450924734654,38.80686621474401,0.8123031203143359,16.136939289629403,0.9219505863838685,25.844107184769037,274.15589281523097,262.82330322265625,287.0068054199219
65,False,543,0.6248933515732243,36,3624.264068711929,3624.878089619494,206.83694205715383,17.52232474849904,38.5364900466812,0.813686618727748,16.136939289629403,0.9219823154938619,25.85461775714423,274.14538224285576,263.58477783203125,287.0068054199219
66,False,542,0.6249339975761088,36,3624.264068711929,3624.944515785028,206.86860414634103,17.519642884756387,38.51155840514259,0.8138356539695163,16.136939289629403,0.921994256420786,25.85857551829263,274.14142448170736,262.82330322265625,287.0068054199219
67,False,646,0.4381522445004757,36,3707.1067811865487,3707.778915909632,211.3345073424372,17.54141729055026,37.91740574543601,0.8205810957128913,26.31856633390328,0.8754648889816284,26.41681341780465,273.58318658219537,263.58477783203125,287.0068054199219
68,False,645,0.4382847055038519,36,3707.1067811865487,3707.8101672087346,211.35382129005083,17.539814319700003,37.83700462196221,0.8209779014591996,26.31856633390328,0.8754762692566364,26.419227661256354,273.58077233874366,263.58477783203125,287.0068054199219
69,False,640,0.4389427060639853,36,3707.1067811865487,3707.8516524236884,211.38407654637885,17.537303858236402,37.500553297040824,0.8225951835647706,26.31856633390328,0.875494092251888,26.423009568297356,273.57699043170265,263.58477783203125,287.0068054199219
70,False,620,0.5003922264497528,36,3707.1067811865487,3707.841611215516,211.52195001090078,17.52587275691957,37.89085730205693,0.820865601418178,22.50585206325726,0.8936003943699582,26.440243751362598,273.5597562486374,263.58477783203125,287.314453125
71,False,619,0.5005417889255446,36,3707.1067811865487,3707.8728625146186,211.54126395851435,17.52427262566397,37.810456178583124,0.8212620295868225,22.50585206325726,0.8936101087697438,26.442657994814294,273.5573420051857,263.58477783203125,287.314453125
72,False,618,0.5012508103765542,36,3707.1067811865487,3707.9143477295725,211.57151921484243,17.521766610855263,37.47400485366174,0.8228778382235447,22.50585206325726,0.8936253227902407,26.4464399018553,273.5535600981447,263.58477783203125,287.314453125
73,False,603,0.5089445271178263,36,3707.1067811865487,3707.8440199690694,211.74506946780767,17.507405440437672,38.12379823602949,0.8199542575803609,21.972557361388635,0.8962310791150242,26.46813368347596,273.53186631652403,263.58477783203125,287.314453125
74,False,602,0.5090974750616326,36,3707.1067811865487,3707.875271268172,211.76438341542124,17.505808679423982,38.04339711255568,0.8203503511828738,21.972557361388635,0.8962405433481949,26.470547926927654,273.5294520730723,263.58477783203125,287.314453125
75,False,601,0.5098181586465661,36,3707.1067811865487,3707.916756483126,211.7946386717493,17.503307942237488,37.7069457876343,0.8219645878474076,21.972557361388635,0.8962553655787157,26.474329833968664,273.5256701660313,263.58477783203125,287.314453125
76,False,652,0.43796628916867664,36,3707.106781186548,3707.768147959672,211.8905281575426,17.495386950143796,37.463903785900236,0.8231921732808865,26.324186034210037,0.8757651591927802,26.486316019692826,273.5136839803072,263.6201171875,287.0068054199219
77,False,650,0.43801612675683504,36,3707.106781186548,3707.7004643613773,211.91068326330387,17.493722940718296,37.422868965117345,0.8234026317652963,26.324186034210037,0.8757769753330387,26.488835407912983,273.511164592087,263.6201171875,287.0068054199219
78,False,644,0.4386387296881873,36,3707.106781186548,3707.809633174626,211.92078341387068,17.492889189385235,37.12745246097885,0.8248050433615527,26.324186034210037,0.8757828958059285,26.490097926733835,273.5099020732662,263.6201171875,287.0068054199219
79,False,600,0.5105924774523574,36,3707.1067811865487,3707.8468094674886,211.93020241026508,17.492111737854835,38.48535418770024,0.8184055233751046,21.817409277901962,0.8970537987046002,26.491275301283135,273.5087246987169,263.58477783203125,287.314453125
80,False,617,0.503012259976322,36,3707.106781186548,3707.670773179302,211.93133004878453,17.492018666297277,37.64195106921075,0.8223860952481828,22.351139724151107,0.8945359342622627,26.491416256098066,273.5085837439019,263.6201171875,287.0068054199219
81,False,643,0.43868995219063783,36,3707.106781186548,3707.741949576331,211.94093851963189,17.4912256550339,37.08641764019596,0.8250153184220202,26.324186034210037,0.8757947085726826,26.492617314953986,273.507382685046,263.6201171875,287.0068054199219
82,False,587,0.5823599527253885,36,3707.1067811865487,3707.8356603654734,211.94862661518098,17.49059118895477,38.20925613498982,0.8197239739403291,18.033379486165085,0.914916271107022,26.493578326897623,273.50642167310235,263.58477783203125,287.314453125
83,False,616,0.5031629672622996,36,3707.106781186548,3707.702024478405,211.9506439963981,17.490424710620584,37.56154994573695,0.8227816191661335,22.351139724151107,0.894545544647975,26.493830499549762,273.50616950045026,263.6201171875,287.0068054199219
84,False,642,0.4386920235718117,36,3707.106781186548,3707.7700296611624,211.95525464248752,17.490044242778772,37.072966696348956,0.8250905986790408,26.324186034210037,0.8758030977877289,26.49440683031094,273.50559316968906,263.6201171875,287.0068054199219
85,False,586,0.583439762898322,36,3707.1067811865487,3707.8784202049997,211.964435927884,17.48928665772878,37.79269541583487,0.8217026585125207,18.033379486165085,0.9149226170549642,26.495554490985505,273.5044455090145,263.58477783203125,287.314453125
86,False,615,0.5032230953506602,36,3707.106781186548,3707.63434088011,211.97079910215936,17.488761644946702,37.52051512495406,0.8229920570008747,22.351139724151107,0.8945555717163713,26.496349887769917,273.5036501122301,263.6201171875,287.0068054199219
87,False,641,0.43874347814459874,36,3707.106781186548,3707.7023460628675,211.97540974824872,17.488381249453745,37.03193187556606,0.8253008123935375,26.324186034210037,0.8758149067126522,26.49692621853109,273.5030737814689,263.6201171875,287.0068054199219
88,False,614,0.503876029168174,36,3707.106781186548,3707.7435096933586,211.98089925272618,17.48792836644631,37.225098620815565,0.8243940904485203,22.351139724151107,0.894560595775642,26.497612406590772,273.50238759340925,263.6201171875,287.0068054199219
89,False,585,0.5836239864897117,36,3707.1067811865487,3707.9096715041023,211.98374987549764,17.48769319989767,37.71229429236107,0.8220981829290676,18.033379486165085,0.9149303684987342,26.497968734437205,273.5020312655628,263.58477783203125,287.314453125
90,False,639,0.43937675874396936,36,3707.106781186548,3707.8115148761162,211.9855098988156,17.487548007201127,36.73651537142757,0.8267027053454618,26.324186034210037,0.875820823570559,26.49818873735195,273.50181126264806,263.6201171875,287.0068054199219
91,False,613,0.5039361797313299,36,3707.106781186548,3707.6758260950637,212.00105435848738,17.486265775442522,37.184063800032675,0.8246043449521928,22.351139724151107,0.8945706199821252,26.500131794810923,273.4998682051891,263.6201171875,287.0068054199219
92,False,638,0.43942955355826435,36,3707.106781186548,3707.7438312778213,212.0056650045768,17.485885488515216,36.695480550644675,0.8269127357995245,26.324186034210037,0.8758326291250673,26.5007081255721,273.4992918744279,263.6201171875,287.0068054199219
93,False,582,0.5844524527571454,36,3707.1067811865487,3707.951156719056,212.01400513182566,17.485197635323907,37.37584296743969,0.8237104999539997,18.033379486165085,0.914942508279336,26.501750641478207,273.4982493585218,263.58477783203125,287.314453125
94,False,612,0.503943350863222,36,3707.106781186548,3707.703906179895,212.015370481343,17.485085033081443,37.17061285618567,0.8246796316144607,22.351139724151107,0.8945777389940793,26.50192131016788,273.49807868983214,263.6201171875,287.0068054199219
95,False,611,0.5040035053708027,36,3707.106781186548,3707.6362225816,212.03552558710422,17.48342298264386,37.12957803540277,0.8248898247942421,22.351139724151107,0.8945877599413441,26.504440698388024,273.495559301612,263.6201171875,287.0068054199219
96,False,610,0.5046559358367418,36,3707.106781186548,3707.745391394849,212.0456257376711,17.48259021279098,36.834161531264286,0.8262913398796866,22.351139724151107,0.8945927809338426,26.505703217208886,273.49429678279114,263.6201171875,287.0068054199219
97,False,609,0.5047160628174904,36,3707.106781186548,3707.677707796554,212.0657808434323,17.48092863658893,36.79312671048139,0.8265013498917788,22.351139724151107,0.8946027990218144,26.508222605429037,273.491777394571,263.6201171875,287.0068054199219
98,False,663,0.3832804325817221,36,3707.106781186548,3707.8190244535563,212.09139363199026,17.47881758756757,36.66547799478311,0.8271241592273042,30.45881170780431,0.856388271177779,26.511424203998782,273.4885757960012,263.6201171875,287.0068054199219
99,False,662,0.3833291753030719,36,3707.106781186548,3707.7513408552613,212.11154873775152,17.477156728367984,36.62444317400022,0.827334044789416,30.45881170780431,0.85640191734462,26.51394359221894,273.48605640778106,263.6201171875,287.0068054199219
100,False,651,0.4379770051953512,36,3707.106781186548,3707.8225509275744,212.12422270358482,17.476112505862815,36.58572403866528,0.8275268916846478,26.421284997548515,0.875444281370597,26.515527837948103,273.4844721620519,263.6201171875,287.0068054199219
101,False,649,0.438030325160332,36,3707.106781186548,3707.7548673292795,212.14437780934603,17.47445216067956,36.544689217882386,0.8277367065050149,26.421284997548515,0.8754561149798968,26.518047226168253,273.4819527738317,263.6201171875,287.0068054199219
102,False,580,0.5852824546416042,36,3707.1067811865487,3707.881209703419,212.14956887034148,17.474024580517554,38.15425136750563,0.8201539999790233,17.878231402678413,0.9157281747124126,26.518696108792685,273.4813038912073,263.58477783203125,287.314453125
103,False,661,0.38402957749836397,36,3707.106781186548,3707.8209061550465,212.15612011693517,17.473484993707853,36.27454090523183,0.8290195876261396,30.45881170780431,0.8564320855273175,26.519515014616896,273.4804849853831,263.6201171875,287.0068054199219
104,False,579,0.5854722762212164,36,3707.1067811865487,3707.9124610025215,212.16888281795505,17.472433902417805,38.07385024403183,0.8205493202473997,17.878231402678413,0.9157358460617513,26.521110352244385,273.47888964775564,263.58477783203125,287.314453125
105,False,660,0.38408105899210415,36,3707.106781186548,3707.7532225567516,212.17627522269638,17.471825147725095,36.23350608444893,0.8292292291095275,30.45881170780431,0.8564457233692349,26.52203440283705,273.47796559716295,263.6201171875,287.0068054199219
106,False,576,0.5863240340569901,36,3707.1067811865487,3707.9539462174753,212.19913807428313,17.469942690760725,37.73739891911045,0.8221604514439641,17.878231402678413,0.9157478604063891,26.52489225928539,273.47510774071463,263.58477783203125,287.314453125
107,False,718,0.35911766879201756,36,3707.106781186548,3707.628065927889,212.21771946556564,17.468413054867746,36.223874501682495,0.8293079645144327,32.76971478839774,0.8455844551014745,26.5272149331957,273.4727850668043,263.6201171875,286.8056945800781
108,False,717,0.35978632419152695,36,3707.106781186548,3707.737234741138,212.22781961613245,17.467581714271887,35.92845799754401,0.8307080661596125,32.76971478839774,0.8455918039036068,26.528477452016556,273.47152254798345,263.6201171875,286.8056945800781
109,False,716,0.3598390174453313,36,3707.106781186548,3707.669551142843,212.2479747218937,17.465922989578257,35.88742317676112,0.8309174764857755,32.76971478839774,0.8456064665336122,26.530996840236714,273.4690031597633,263.6201171875,286.8056945800781
110,False,536,0.634481721175652,36,3707.106781186548,3707.636222436349,212.25601643209322,17.465261260910157,42.66768174542504,0.7989801068415149,14.589238097087085,0.9312658442275317,26.532002054011652,273.4679979459884,263.58477783203125,287.0068054199219
111,False,715,0.3598393352255692,36,3707.106781186548,3707.6976312276743,212.26229084474934,17.464744992778584,35.873972232914106,0.8309922497767035,32.76971478839774,0.8456168796728675,26.532786355593668,273.46721364440634,263.6201171875,286.8056945800781
112,False,535,0.6347912688143679,36,3707.106781186548,3707.6674737354515,212.2753303797068,17.46367217780546,42.587280621951244,0.7993771553869524,14.589238097087085,0.931272098029523,26.53441629746335,273.46558370253666,263.58477783203125,287.0068054199219
113,False,714,0.3598924842730695,36,3707.106781186548,3707.6299476293793,212.28244595051055,17.463086806766803,35.832937412131216,0.8312015991162786,32.76971478839774,0.8456315375410864,26.53530574381382,273.4646942561862,263.6201171875,286.8056945800781
114,False,707,0.36067845289167405,36,3707.106781186548,3707.862976436661,212.2830735020819,17.463035182360837,35.50651338583427,0.8327397808969161,32.76971478839774,0.8456319938853892,26.53538418776024,273.46461581223974,263.6201171875,288.885009765625
115,False,667,0.38293797067058233,36,3707.106781186548,3707.8319422065047,212.29483292170445,17.462067871212625,36.123749572469535,0.8298415977661021,30.555910671142787,0.856068514477637,26.536854115213057,273.46314588478697,263.6201171875,287.0068054199219
116,False,575,0.5866759105345631,36,3707.106781186548,3707.891638526024,212.29779030529292,17.46182461840783,37.55295875485595,0.823111871768174,17.878231402678413,0.9157870113628184,26.53722378816161,273.4627762118384,262.82330322265625,287.314453125
117,False,706,0.3608327857722243,36,3707.106781186548,3707.8942277357637,212.30238744969546,17.461446504293022,35.42611226236046,0.8331337075954711,32.76971478839774,0.8456460373241801,26.53779843121193,273.4622015687881,263.6201171875,288.885009765625
118,False,534,0.636134716210617,36,3707.106781186548,3707.7089589504053,212.30558563603486,17.461183463829396,42.25082929702986,0.8009904959850545,14.589238097087085,0.9312818923092392,26.538198204504358,273.46180179549566,263.58477783203125,287.0068054199219
119,False,637,0.43947728806591446,36,3707.106781186548,3707.8090781312444,212.30746318402115,17.461029045283016,36.417176912124575,0.8284696337756183,26.324186034210037,0.8760091348677974,26.538432898002643,273.46156710199733,263.6201171875,287.0068054199219
120,False,666,0.38299052407772244,36,3707.106781186548,3707.7642586082097,212.31498802746566,17.460410193495083,36.08271475168664,0.8300510242497865,30.555910671142787,0.8560821779233504,26.539373503433207,273.4606264965668,263.6201171875,287.0068054199219
121,False,705,0.3608894154735102,36,3707.106781186548,3707.8265441374688,212.32254255545672,17.459788944540758,35.38507744157758,0.8333428141181226,32.76971478839774,0.8456606896564524,26.54031781943209,273.45968218056794,263.6201171875,288.885009765625
122,False,572,0.587373456997136,36,3707.1067811865487,3707.826894743965,212.32682198461745,17.459437043969505,37.267886066124866,0.824478670580654,17.878231402678413,0.915798525897149,26.54085274807718,273.45914725192284,263.58477783203125,287.314453125
123,False,532,0.6529336040744675,36,3707.106781186548,3707.617852704107,212.32723571769046,17.459403023150095,40.62647618837471,0.808661022449369,14.065952876412908,0.9337534215576802,26.540904464711307,273.45909553528867,263.6201171875,287.0068054199219
124,False,636,0.43953145863900384,36,3707.106781186548,3707.7413945329495,212.32761828978235,17.459371564782167,36.37614209134168,0.828679178034692,26.324186034210037,0.8760209046461253,26.540952286222794,273.4590477137772,263.6201171875,287.0068054199219
125,False,698,0.36160190982001134,36,3707.106781186548,3707.9357129507175,212.33264270602353,17.45895842458416,35.08966093743908,0.8347420326415801,32.76971478839774,0.8456680312043792,26.541580338252942,273.45841966174703,263.6201171875,288.885009765625
126,False,566,0.6200232156973478,36,3707.1067811865487,3707.856036549918,212.33714113445595,17.458588551115216,38.05671620289456,0.8207722115896987,16.136939289629403,0.9240032186389324,26.542142641806993,273.457857358193,263.58477783203125,287.314453125
127,False,531,0.6532307912756669,36,3707.106781186548,3707.6491040032097,212.34654966530402,17.45781500584591,40.54607506490091,0.8090570573018081,14.065952876412908,0.9337594470049861,26.543318708163003,273.456681291837,263.6201171875,287.0068054199219
128,False,696,0.36166109227562404,36,3707.106781186548,3707.8680293524226,212.35279781178474,17.457301337146866,35.048626116656195,0.8349509567200478,32.76971478839774,0.8456826793615283,26.544099726473092,273.45590027352694,263.6201171875,288.885009765625
129,False,563,0.6212065403558711,36,3707.1067811865487,3707.898796389444,212.35295044715903,17.45728878916146,37.64015548373961,0.8227471979810997,16.136939289629403,0.9240088764688728,26.54411880589488,273.45588119410513,263.58477783203125,287.314453125
130,False,571,0.5873954402187405,36,3707.1067811865487,3707.8933209094994,212.35848407380465,17.45683388801247,37.24295442458625,0.8246222439050631,17.878231402678413,0.9158110801145817,26.54481050922558,273.45518949077444,262.82330322265625,287.314453125
131,False,530,0.6533704802628824,36,3707.106781186548,3707.5814204049148,212.36670477106523,17.456158135442507,40.505040244118014,0.8092684053850009,14.065952876412908,0.933765733703048,26.545838096383154,273.45416190361686,263.6201171875,287.0068054199219
132,False,695,0.3616637305407866,36,3707.106781186548,3707.896109437254,212.36711393464037,17.4561245030032,35.03517517280919,0.8350254211977856,32.76971478839774,0.8456930822232525,26.545889241830047,273.45411075817,263.6201171875,288.885009765625
133,False,608,0.5048556805371242,36,3707.106781186548,3707.742954649977,212.36757902287664,17.456086273824365,36.51482307196129,0.8280583917753856,22.351139724151107,0.894752580280894,26.54594737785958,273.4540526221404,263.6201171875,287.0068054199219
134,False,562,0.6214110610056688,36,3707.1067811865487,3707.930047688547,212.3722643947726,17.45570115641615,37.55975436026581,0.8231419038295552,16.136939289629403,0.9240157873928729,26.54653304934658,273.4534669506534,263.58477783203125,287.314453125
135,False,528,0.6545159644181563,36,3707.106781186548,3707.6905892181635,212.3768049216321,17.455327960859403,40.20962373997953,0.8106684778744221,14.065952876412908,0.9337688836518503,26.547100615204013,273.452899384796,263.6201171875,287.0068054199219
136,False,693,0.3617233520328385,36,3707.106781186548,3707.828425838959,212.38726904040158,17.454467953450447,34.99414035202629,0.8352342844741344,32.76971478839774,0.8457077256256631,26.548408630050197,273.4515913699498,263.6201171875,288.885009765625
137,False,607,0.5049158044940624,36,3707.106781186548,3707.675271051682,212.38773412863785,17.454429731527,36.47378825117839,0.8282679157493759,22.351139724151107,0.894762568018106,26.54846676607973,273.45153323392026,263.6201171875,287.0068054199219
138,False,527,0.6546526951492178,36,3707.106781186548,3707.6229056198686,212.3969600273933,17.453671562476384,40.16858891919663,0.810879642938317,14.065952876412908,0.9337751685589154,26.549620003424163,273.45037999657586,263.6201171875,287.0068054199219
139,False,686,0.36245550844632657,36,3707.106781186548,3707.9375946522077,212.39736919096845,17.453637939618044,34.698723847887806,0.8366329866511206,32.76971478839774,0.8457150626996035,26.549671148871056,273.4503288511289,263.6201171875,288.885009765625
140,False,558,0.6223137767840146,36,3707.1067811865487,3707.9715329035007,212.40251965110068,17.453214713629404,37.22330303534443,0.8247511230258067,16.136939289629403,0.9240266108135795,26.550314956387584,273.4496850436124,263.58477783203125,287.314453125
141,False,685,0.36251761959226453,36,3707.106781186548,3707.869911053913,212.41752429672965,17.451981861948582,34.65768902710491,0.8368416676455988,32.76971478839774,0.8457297019307072,26.552190537091207,273.4478094629088,263.6201171875,288.885009765625
142,False,711,0.3605525294780334,36,3707.106781186548,3707.932957395133,212.4193603915112,17.45183101179648,35.79175936148941,0.8315042503869636,32.68114359467188,0.8461479992481048,26.5524200489389,273.44757995106113,263.6201171875,288.885009765625
143,False,710,0.36060650667601035,36,3707.106781186548,3707.865273796838,212.4395154972724,17.450175276991462,35.75072454070653,0.831713396365915,32.68114359467188,0.8461625958891273,26.55493943715905,273.4450605628409,263.6201171875,288.885009765625
144,False,648,0.43808071018455863,36,3707.106781186548,3707.8201141827026,212.44617598879037,17.449628189034346,36.266385579362286,0.8292914174116466,26.421284997548515,0.8756330403473931,26.555771998598797,273.4442280014012,263.6201171875,287.0068054199219
145,False,524,0.6554191068608075,36,3707.106781186548,3707.6874597428814,212.44647113329134,17.449603946872184,39.95525121361841,0.8119279129444799,14.065952876412908,0.933790602397967,26.555808891661417,273.4441911083386,263.6201171875,287.0068054199219
146,False,709,0.36060726523971937,36,3707.106781186548,3707.8933538816696,212.45383162012803,17.44899940338536,35.737273596859524,0.8317880486111517,32.68114359467188,0.8461729621656979,26.556728952516004,273.443271047484,263.6201171875,288.885009765625
147,False,647,0.4381354299064865,36,3707.106781186548,3707.7524305844076,212.46633109455163,17.447972872166808,36.22535075857939,0.829500746909126,26.421284997548515,0.8756448381188898,26.558291386818958,273.44170861318105,263.6201171875,287.0068054199219
148,False,523,0.6555534763134168,36,3707.106781186548,3707.6197761445865,212.4666262390526,17.447948634603772,39.91421639283552,0.812138889295833,14.065952876412908,0.9337968831839647,26.558328279881575,273.44167172011845,263.6201171875,287.0068054199219
149,False,708,0.3606616954917398,36,3707.106781186548,3707.8256702833746,212.47398672588923,17.447344205806488,35.696238776076626,0.8319971337379384,32.68114359467188,0.8461875540706377,26.559248340736154,273.44075165926387,263.6201171875,288.885009765625
150,False,659,0.3840851891424297,36,3707.106781186548,3707.8184694101747,212.47807340214072,17.447008634017475,35.95520244592883,0.830781586682221,30.45881170780431,0.8566496240289355,26.55975917526759,273.4402408247324,263.6201171875,287.0068054199219
151,False,702,0.36136002954373675,36,3707.106781186548,3707.9348390966234,212.4840868764561,17.446514869332113,35.40082227193814,0.8333954189589683,32.68114359467188,0.8461948653422053,26.560510859557013,273.439489140443,263.6201171875,288.885009765625
152,False,658,0.3841390766008581,36,3707.106781186548,3707.7507858118797,212.49822850790198,17.445353814084594,35.914167625145936,0.8309907434178425,30.45881170780431,0.8566632205751699,26.562278563487748,273.4377214365123,263.6201171875,287.0068054199219
153,False,557,0.6226985767478391,36,3707.106781186548,3707.9092252120495,212.50117188211047,17.44511217680787,37.03886287108993,0.8257004300586256,16.136939289629403,0.9240618809453827,26.562646485263805,273.4373535147362,262.82330322265625,287.314453125
154,False,701,0.3614170608911113,36,3707.106781186548,3707.8671554983284,212.5042419822173,17.444860143059,35.35978745115524,0.833604321865188,32.68114359467188,0.8462094530922037,26.563030247777164,273.4369697522228,263.6201171875,288.885009765625
155,False,529,0.6543525779140424,36,3707.106781186548,3707.620642202526,212.51236866014787,17.444193034782806,40.98803214004547,0.807126369168686,13.910804792926236,0.934541199269335,26.564046082518484,273.4359539174815,263.6201171875,287.0068054199219
156,False,553,0.6234289805970729,36,3707.1067811865487,3707.8444814299905,212.530203561435,17.442729170091603,36.75379018235885,0.8270655673101324,16.136939289629403,0.9240722541115678,26.566275445179375,273.4337245548206,263.58477783203125,287.314453125
157,False,526,0.6546598750420571,36,3707.106781186548,3707.651893501629,212.5316826077615,17.442607782992102,40.90763101657167,0.8075221985040749,13.910804792926236,0.9345471478781855,26.566460325970187,273.4335396740298,263.6201171875,287.0068054199219
158,False,697,0.36160645013841686,36,3707.106781186548,3707.948630703666,212.53608199573767,17.442246729950035,34.54793251512551,0.8374490948044373,32.86681375173622,0.8453588988603105,26.56701024946721,273.4329897505328,263.6201171875,288.885009765625
159,False,525,0.6548047606434677,36,3707.106781186548,3707.584209903334,212.5518377135227,17.440953797741262,40.86659619578877,0.8077335080448999,13.910804792926236,0.9345533544072424,26.568979714190338,273.43102028580967,263.6201171875,287.0068054199219
160,False,694,0.3616697958862942,36,3707.106781186548,3707.880947105371,212.55623710149888,17.440592813168532,34.50689769434261,0.837657562229684,32.86681375173622,0.8453735623102803,26.569529637687364,273.43047036231263,263.6201171875,288.885009765625
161,False,552,0.6234565729983217,36,3707.1067811865487,3707.910907595525,212.5618656506222,17.44013099357974,36.728858540820234,0.8272086179315451,16.136939289629403,0.9240835639062703,26.570233206327774,273.42976679367223,262.82330322265625,287.314453125
162,False,522,0.6559877605411936,36,3707.106781186548,3707.6933787165826,212.56193786408951,17.44012506866043,40.571179691650286,0.8091324340598024,13.910804792926236,0.9345564641877668,26.57024223301119,273.4297577669888,263.6201171875,287.0068054199219
163,False,521,0.6561297816764442,36,3707.106781186548,3707.6256951182877,212.58209296985072,17.438471554197676,40.53014487086739,0.8093435608585549,13.910804792926236,0.9345626689502059,26.57276162123134,273.42723837876866,263.6201171875,287.0068054199219
164,False,665,0.38300154927114444,36,3707.106781186548,3707.829505461633,212.61678620691,17.43562607318757,35.80441111316654,0.8316012025582818,30.555910671142787,0.8562864615900693,26.57709827586375,273.42290172413624,263.6201171875,287.0068054199219
165,False,520,0.6569237868797593,36,3707.106781186548,3707.6902492413005,212.6316040757488,17.434411019473437,40.31680716528917,0.8103912758381556,13.910804792926236,0.9345779059825434,26.578950509468598,273.4210494905314,263.6201171875,287.0068054199219
166,False,664,0.3830565233256252,36,3707.106781186548,3707.761821863338,212.6369413126712,17.433973411682246,35.76337629238364,0.8318101451628975,30.555910671142787,0.8563000836895412,26.5796176640839,273.4203823359161,263.6201171875,287.0068054199219
167,False,551,0.6237679436063946,36,3707.1067811865487,3707.8556816410382,212.6432533298303,17.433455908598553,36.572901911555725,0.8280081717202303,16.136939289629403,0.9241126203773818,26.580406666228786,273.4195933337712,263.58477783203125,287.314453125
168,False,486,0.6711753261460474,36,3707.106781186548,3707.6565986207934,212.64453095136818,17.43335116403423,42.515141813329784,0.8000647295130623,12.692797900551401,0.9403097843910491,26.580566368921023,273.41943363107896,263.58477783203125,287.0068054199219
169,False,519,0.6570635128993627,36,3707.106781186548,3707.6225656430056,212.65175918151002,17.43275858829048,40.27577234450628,0.8106022141574258,13.910804792926236,0.9345841066800082,26.581469897688752,273.41853010231125,263.6201171875,287.0068054199219
170,False,485,0.671544727095542,36,3707.106781186548,3707.687849919896,212.6638448989818,17.431767882065113,42.434740689855985,0.8004609541879906,12.692797900551401,0.9403152054051283,26.582980612372726,273.41701938762725,263.58477783203125,287.0068054199219
171,False,550,0.6237944801037953,36,3707.1067811865487,3707.922107806572,212.67491541901748,17.430860493738592,36.54797027001711,0.8281510059707353,16.136939289629403,0.9241239181506855,26.584364427377185,273.4156355726228,262.82330322265625,287.314453125
172,False,516,0.6599142163738676,36,3707.106781186548,3707.6410316615293,212.67847239255647,17.430568968654548,38.66065806315463,0.8182201629142992,14.065952876412908,0.933862827214358,26.58480904906956,273.4151909509304,263.6201171875,287.0068054199219
173,False,546,0.6244409052229372,36,3707.1067811865487,3707.8473253920397,212.6814783468093,17.430322612021488,36.29434743468284,0.82934880969983,16.136939289629403,0.9241262595357943,26.585184793351164,273.4148152066488,263.58477783203125,287.314453125
174,False,518,0.6577052966200332,36,3707.106781186548,3707.5663272430725,212.6896217744239,17.429655242502907,40.101666838664705,0.8114545199521016,13.910804792926236,0.9345957518901422,26.586202721802987,273.413797278197,263.6201171875,287.0068054199219
175,False,484,0.6731315046375422,36,3707.106781186548,3707.72933513485,212.69410015530983,17.42928825237563,42.0982893649346,0.8020711936335125,12.692797900551401,0.940323695432628,26.58676251941373,273.41323748058625,263.58477783203125,287.0068054199219
176,False,515,0.6601738554433193,36,3707.106781186548,3707.672282960632,212.69778634017004,17.428986191975355,38.58025693968083,0.8186146757635786,14.065952876412908,0.9338688327770508,26.587223292521255,273.41277670747877,263.6201171875,287.0068054199219
177,False,635,0.4413264989696767,36,3707.106781186548,3707.8692958961956,212.70201598733277,17.42863961104779,36.1611116535741,0.8299916835027664,26.19185143951849,0.8768612919913353,26.5877519984166,273.4122480015834,262.97314453125,287.314453125
178,False,545,0.6244658885682757,36,3707.1067811865487,3707.913751557574,212.7131404359965,17.427728129950598,36.269415793144226,0.829491418730394,16.136939289629403,0.9241375532486914,26.589142554499563,273.4108574455004,262.82330322265625,287.314453125
179,False,479,0.6910782522492206,36,3707.106781186548,3707.6382288885516,212.71575023696542,17.427514309856367,40.47393625627945,0.8097276002778757,12.169512679877224,0.9427897902890576,26.589468779620677,273.4105312203793,263.6201171875,287.0068054199219
180,False,514,0.6602941419479318,36,3707.106781186548,3707.604599362337,212.7179414459313,17.42733478891258,38.53922211889794,0.8188247692840058,14.065952876412908,0.9338750987302676,26.589742680741413,273.41025731925856,263.6201171875,287.0068054199219
181,False,684,0.362589792313098,36,3707.106781186548,3707.935157907336,212.719322476174,17.427221646034383,34.37938538858481,0.8383814644180454,32.76971478839774,0.8459485748311926,26.589915309521746,273.41008469047824,263.6201171875,288.885009765625
182,False,513,0.661298125504112,36,3707.106781186548,3707.7137681755858,212.72804159649812,17.42650735354475,38.243805614759445,0.8202220763762769,14.065952876412908,0.933878238285608,26.591005199562264,273.4089948004377,263.6201171875,287.0068054199219
183,False,478,0.6914297793868707,36,3707.106781186548,3707.6694801876542,212.73506418457904,17.425932087857817,40.39353513280565,0.8101228150251794,12.169512679877224,0.9427949843316926,26.59188302307238,273.4081169769276,263.6201171875,287.0068054199219
184,False,683,0.36265455209409914,36,3707.106781186548,3707.867474309041,212.7394775819352,17.425570577321643,34.33835056780191,0.8385896639490584,32.76971478839774,0.8459631697846174,26.5924346977419,273.4075653022581,263.6201171875,288.885009765625
185,False,512,0.661414636574505,36,3707.106781186548,3707.646084577291,212.74819670225932,17.424856420168094,38.202770793976555,0.8204319877388138,14.065952876412908,0.9338845024566851,26.593524587782415,273.40647541221756,263.6201171875,287.0068054199219
186,False,477,0.6915977653044041,36,3707.106781186548,3707.6017965893593,212.75521929034025,17.42428126347198,40.352500312022755,0.8103336762001829,12.169512679877224,0.9428004035789604,26.59440241129253,273.40559758870745,263.6201171875,287.0068054199219
187,False,517,0.6586144713728088,36,3707.106781186548,3707.5631977677904,212.75928798608314,17.42394805076164,39.84729431230359,0.8127118459105294,13.910804792926236,0.9346171679525636,26.594910998260392,273.4050890017396,263.6201171875,287.0068054199219
188,False,511,0.6614440662202694,36,3707.106781186548,3707.674164662122,212.76251282511495,17.423683956175537,38.18931985012955,0.8205072907673349,14.065952876412908,0.9338889511613602,26.59531410313937,273.40468589686066,263.6201171875,287.0068054199219
189,False,476,0.6929342356741158,36,3707.106781186548,3707.710965402608,212.76531944090706,17.423454118029564,40.05708380788427,0.811731141554723,12.169512679877224,0.9428031188924229,26.595664930113383,273.4043350698866,263.6201171875,287.0068054199219
190,False,510,0.6615599370831424,36,3707.106781186548,3707.6064810638272,212.78266793087616,17.422033557690074,38.14828502934665,0.8207171411078492,14.065952876412908,0.9338952133028884,26.59783349135952,273.4021665086405,263.6201171875,287.0068054199219
191,False,475,0.6930983376671446,36,3707.106781186548,3707.643281804313,212.78547454666827,17.421803763083002,40.01604898710137,0.8119418204068952,12.169512679877224,0.942808536598638,26.598184318333534,273.40181568166645,263.6201171875,287.0068054199219
192,False,505,0.662531725572186,36,3707.106781186548,3707.715649877076,212.79276808144303,17.421206625629832,37.852868525208166,0.8221139333517171,14.065952876412908,0.9338983509485181,26.59909601018038,273.4009039898196,263.6201171875,287.0068054199219
193,False,544,0.6247609440044248,36,3707.1067811865487,3707.8585256030874,212.7945281152046,17.421062533993176,36.113459163879725,0.830289531014969,16.136939289629403,0.9241665684143295,26.599316014400575,273.4006839855994,263.58477783203125,287.314453125
194,False,541,0.6250433054220966,36,3707.1067811865487,3707.8582908198673,212.79722501499802,17.420841746997738,35.999039625081416,0.8308293746662148,16.136939289629403,0.9241675294943716,26.599653126874752,273.4003468731253,263.58477783203125,287.314453125
195,False,700,0.3614510203517496,36,3707.106781186548,3707.9324023517515,212.80604016166166,17.42012011675224,35.08148381263514,0.8351480823289371,32.68114359467188,0.8464275564272278,26.600755020207707,273.3992449797923,263.6201171875,288.885009765625
196,False,503,0.662643669844075,36,3707.106781186548,3707.647966278781,212.81292318720423,17.419556696401997,37.81183370442527,0.822323601696108,14.065952876412908,0.9339046113095323,26.60161539840053,273.39838460159945,263.6201171875,287.0068054199219
197,False,634,0.4415261715231402,36,3707.106781186548,3707.880496107243,212.81506575572806,17.41938132068908,35.98022338277098,0.8309319725321066,26.19185143951849,0.8769267046648763,26.601883219466007,273.398116780534,262.97314453125,287.314453125
198,False,699,0.3615107756542715,36,3707.106781186548,3707.8647187534566,212.82619526742286,17.41847039331061,35.040448991852244,0.8353565032357845,32.68114359467188,0.8464421000732218,26.603274408427858,273.39672559157214,263.6201171875,288.885009765625
199,False,540,0.6250665586782127,36,3707.1067811865487,3707.9247169854016,212.8288871041852,17.4182500863796,35.9741079835428,0.8309716858786536,16.136939289629403,0.9241788109255584,26.60361088802315,273.3963891119769,262.82330322265625,287.314453125
200,False,474,0.6940013163374013,36,3707.106781186548,3707.707835927326,212.83498565256636,17.41775098591197,39.80271128152315,0.8129879297828533,12.169512679877224,0.9428218408615262,26.60437320657079,273.3956267934292,263.6201171875,287.0068054199219
201,False,473,0.6941623090349615,36,3707.106781186548,3707.640152329031,212.85514075832756,17.416101711142318,39.76167646074026,0.8131984206766937,12.169512679877224,0.9428272550217882,26.606892594790946,273.39310740520904,263.6201171875,287.0068054199219
202,False,692,0.36175052780319533,36,3707.106781186548,3707.946193958794,212.85803528094323,17.415864880523202,34.22859405582251,0.8391951987593727,32.86681375173622,0.845592797526499,26.607254410117903,273.3927455898821,263.6201171875,288.885009765625
203,False,509,0.6615921808249813,36,3707.106781186548,3707.6438211599484,212.8636053350139,17.4154091553234,39.02221401482539,0.8166797280661926,13.910804792926236,0.9346492098964836,26.60795066687674,273.3920493331233,263.6201171875,287.0068054199219
204,False,691,0.3618165249783928,36,3707.106781186548,3707.878510360499,212.8781903867045,17.414215962905324,34.187559235039615,0.8394031855826278,32.86681375173622,0.8456074166544167,26.60977379833806,273.39022620166196,263.6201171875,288.885009765625
205,False,508,0.661862882803844,36,3707.106781186548,3707.675072459051,212.8829192826275,17.413829130485198,38.94181289135159,0.8170740375856473,13.910804792926236,0.9346551388913548,26.61036491032844,273.3896350896716,263.6201171875,287.0068054199219
206,False,471,0.6948896532120749,36,3707.106781186548,3707.583913929098,212.89300335124145,17.413004292444402,39.58757095489869,0.8140494505139506,12.169512679877224,0.9428374230796145,26.61162541890518,273.3883745810948,263.6201171875,287.0068054199219
207,False,506,0.6619888306566838,36,3707.106781186548,3707.607388860756,212.90307438838872,17.412180598312325,38.9007780705687,0.8172840942653374,13.910804792926236,0.9346613249579034,26.61288429854859,273.3871157014514,263.6201171875,287.0068054199219
208,False,539,0.6253508446204002,36,3707.1067811865487,3707.869491030915,212.9102747833933,17.411591737214263,35.8181513542783,0.8317687984259177,16.136939289629403,0.9242077945460992,26.613784347924163,273.38621565207586,263.58477783203125,287.314453125
209,False,500,0.6630337577961354,36,3707.106781186548,3707.716557674005,212.91317453895553,17.411354601301475,38.605361566430204,0.8186802594530532,13.910804792926236,0.9346644244864187,26.61414681736944,273.38585318263057,263.6201171875,287.0068054199219
210,False,690,0.3619188190340457,36,3707.106781186548,3707.946259750609,212.92040848620297,17.410763052461288,35.54534158538402,0.8330580810073576,32.49167251281988,0.8473999146261956,26.61505106077537,273.3849489392246,263.6201171875,288.885009765625
211,False,498,0.6631559891736005,36,3707.106781186548,3707.64887407571,212.9333296447168,17.40970653759054,38.564326745647314,0.8188901342500368,13.910804792926236,0.9346706087950784,26.6166662055896,273.3833337944104,263.6201171875,287.0068054199219
212,False,689,0.36197524471128545,36,3707.106781186548,3707.878576152314,212.94056359196418,17.40911510072872,35.50430676460114,0.8332665877947316,32.49167251281988,0.8474143584259489,26.617570448995522,273.38242955100446,263.6201171875,288.885009765625
213,False,538,0.6253729944108496,36,3707.1067811865487,3707.935917196449,212.9419368725805,17.409002827868495,35.793219712739685,0.8319108944042455,16.136939289629403,0.9242190640010691,26.617742109072562,273.38225789092746,262.82330322265625,287.314453125
214,False,497,0.6631872957224606,36,3707.106781186548,3707.6769541605413,212.94764576757242,17.40853611141948,38.55087580180031,0.8189654754677226,13.910804792926236,0.934675000783481,26.618455720946553,273.38154427905346,263.6201171875,287.0068054199219
215,False,688,0.3619768284508674,36,3707.106781186548,3707.9066562371454,212.9548797148198,17.407944754076304,35.490855820754135,0.8333409599804334,32.49167251281988,0.8474246161612669,26.619359964352476,273.3806400356475,263.6201171875,288.885009765625
216,False,469,0.6959203720649708,36,3707.106781186548,3707.580784453816,212.9626695629007,17.4073079981354,39.33319842853757,0.8153047268365496,12.169512679877224,0.9428561226018871,26.620333695362586,273.3796663046374,263.6201171875,287.0068054199219
217,False,495,0.6633088947019435,36,3707.106781186548,3707.6092705622464,212.96780087333363,17.406888581205827,38.50984098101741,0.8191752893014949,13.910804792926236,0.9346811830902084,26.620975109166704,273.3790248908333,263.6201171875,287.0068054199219
218,False,687,0.36203370283446984,36,3707.106781186548,3707.8389726388505,212.97503482058102,17.406297335786647,35.44982099997124,0.8335494062492553,32.49167251281988,0.847439055285554,26.621879352572627,273.37812064742735,263.6201171875,288.885009765625
219,False,493,0.6643221190420547,36,3707.106781186548,3707.718439375495,212.97790102390044,17.406063086190972,38.214424476878925,0.8205709404911898,13.910804792926236,0.9346842807349991,26.622237627987555,273.37776237201246,263.6201171875,287.0068054199219
220,False,682,0.3627490599739312,36,3707.106781186548,3707.948141452099,212.9851349711479,17.40547189684732,35.15440449583275,0.8349443283889509,32.49167251281988,0.8474462900088244,26.623141871393486,273.3768581286065,263.6201171875,288.885009765625
221,False,492,0.6644398417696635,36,3707.106781186548,3707.6507557772,212.99805612966165,17.404416024012267,38.17338965609603,0.8207805726036385,13.910804792926236,0.9346904612854396,26.624757016207706,273.3752429837923,263.6201171875,287.0068054199219
222,False,681,0.36280849790393255,36,3707.106781186548,3707.8804578538043,213.0052900769091,17.403824946544923,35.11336967504985,0.8351525933352566,32.49167251281988,0.8474607250313444,26.625661259613636,273.37433874038635,263.6201171875,288.885009765625
223,False,491,0.6645197053543881,36,3707.106781186548,3707.5895062004947,213.0408584492899,17.400919279852367,38.135848713444624,0.8209927945698637,13.910804792926236,0.9347035827109313,26.63010730616124,273.3698926938388,263.6201171875,287.0068054199219
224,False,468,0.6967094020834101,36,3707.106781186548,3707.586757891147,213.0442781366157,17.40063996841702,39.12812820722268,0.8163380469569261,12.169512679877224,0.942878012090644,26.630534767076963,273.36946523292306,263.6201171875,287.0068054199219
225,False,466,0.6992465304774044,36,3707.106781186548,3707.661407845974,213.06698691183144,17.398785400389475,38.50811813105937,0.8192675520070395,12.169512679877224,0.9428841001777857,26.633373363978933,273.36662663602107,263.6201171875,287.0068054199219
226,False,465,0.6995485280026358,36,3707.106781186548,3707.6926591450765,213.08630085944506,17.397208390377997,38.42771700758557,0.8196612506172648,12.169512679877224,0.9428892771107589,26.635787607430633,273.36421239256936,263.6201171875,287.0068054199219
227,False,489,0.665755472686983,36,3707.106781186548,3707.591387901985,213.10558493423483,17.39563410471187,37.744911623893344,0.8228816404058976,13.910804792926236,0.9347234151689682,26.638198116779353,273.36180188322066,263.6201171875,287.0068054199219
228,False,464,0.699690862559038,36,3707.106781186548,3707.6249755467816,213.10645596520627,17.395563003458722,38.38668218680268,0.8198708621334774,12.169512679877224,0.9428946785081719,26.638306995650783,273.3616930043492,263.6201171875,287.0068054199219
229,False,496,0.6632031080423444,36,3707.106781186548,3707.713213132204,213.11472136664858,17.39488833720096,37.53353006590517,0.8238811011026712,14.065952876412908,0.933998210981336,26.639340170831073,273.3606598291689,263.6201171875,287.0068054199219
230,False,461,0.7008406513257605,36,3707.106781186548,3707.7341443600303,213.11655611577308,17.39473858226531,38.091265682664186,0.8212655723379297,12.169512679877224,0.9428973848786001,26.639569514471635,273.36043048552835,263.6201171875,287.0068054199219
231,False,494,0.6633110519679405,36,3707.106781186548,3707.645529533909,213.1348764724098,17.393243389081988,37.49249524512227,0.8240902856179164,14.065952876412908,0.9340044524424245,26.641859559051223,273.3581404409488,263.6201171875,287.0068054199219
232,False,458,0.700977957077769,36,3707.106781186548,3707.6664607617354,213.13671122153434,17.39309366246803,38.050230861881296,0.8214750023878717,12.169512679877224,0.9429027847425673,26.642088902691793,273.3579110973082,263.6201171875,287.0068054199219
233,False,457,0.7010146443828125,36,3707.106781186548,3707.6945408465667,213.15102734438997,17.391925468869278,38.03677991803429,0.8215500981068323,12.169512679877224,0.9429066196325911,26.643878418048747,273.35612158195124,263.6201171875,287.0068054199219
234,False,678,0.36300126555530965,36,3707.106781186548,3707.9509309505183,213.1702679136053,17.39035568829412,35.5159604475035,0.8333915850689948,32.33652442933321,0.8483065919753935,26.646283489200663,273.35371651079936,263.6201171875,288.885009765625
235,False,454,0.7011510942782695,36,3707.106781186548,3707.626857248272,213.17118245015118,17.390281081043554,37.995745097251394,0.8217594673889071,12.169512679877224,0.9429120177502276,26.646397806268897,273.3536021937311,263.6201171875,287.0068054199219
236,False,453,0.70225809166919,36,3707.106781186548,3707.7360260615205,213.181282600718,17.38945716041049,37.70032859311291,0.8231536646501726,12.169512679877224,0.9429147224774402,26.64766032508975,273.35233967491024,263.6201171875,287.0068054199219
237,False,676,0.36305821113188397,36,3707.106781186548,3707.8832473522234,213.1904230193665,17.3887115972831,35.474925626720605,0.8335998159565638,32.33652442933321,0.8483209331293662,26.648802877420813,273.3511971225792,263.6201171875,288.885009765625
238,False,451,0.7023892992161621,36,3707.106781186548,3707.6683424632256,213.2014377064792,17.3878132392814,37.65929377233001,0.8233628526268351,12.169512679877224,0.9429201190630273,26.6501797133099,273.3498202866901,263.6201171875,287.0068054199219
239,False,677,0.36305693973659237,36,3707.106781186548,3707.821997775518,213.23322533899477,17.385221160037553,35.4373846840692,0.8338092732606215,32.33652442933321,0.8483513796786354,26.654153167374346,273.3458468326256,263.6201171875,288.885009765625
240,False,448,0.7024828168572391,36,3707.106781186548,3707.60709288652,213.24424002610746,17.38432316264527,37.621752829678606,0.8235743538720081,12.169512679877224,0.9429315761195364,26.655530003263433,273.34446999673656,263.6201171875,287.0068054199219
241,False,675,0.36389806346040743,36,3707.106781186548,3707.823879477008,213.29795182393968,17.379945515118994,35.04644759451793,0.8356925263705957,32.33652442933321,0.8483973983208971,26.66224397799246,273.3377560220075,263.6201171875,288.885009765625
242,False,680,0.36285930647100284,36,3707.106781186548,3707.9457047072274,213.30708825635344,17.37920109214247,34.83506603652975,0.8366905370033235,32.49167251281988,0.8476765456862303,26.663386032044183,273.3366139679558,263.6201171875,288.885009765625
243,False,438,0.7038292233197971,36,3707.106781186548,3707.6089745880104,213.30896651105238,17.379048062634855,37.230815740127326,0.8254606154205044,12.169512679877224,0.9429488929653285,26.663620813881547,273.33637918611845,263.6201171875,287.0068054199219
244,False,679,0.36292144527835907,36,3707.106781186548,3707.8780211089324,213.32724336211464,17.377559109475197,34.794031215746855,0.8368983226549955,32.49167251281988,0.8476909371689272,26.665905420264327,273.3340945797357,263.6201171875,288.885009765625
245,False,437,0.7039784655862678,36,3707.106781186548,3707.6099368485693,213.39551481148172,17.371999521458957,37.1623100820026,0.8258524312714229,12.169512679877224,0.9429720315788828,26.674439351435215,273.32556064856476,263.6201171875,287.0068054199219
246,False,432,0.7052521852931659,36,3707.106781186548,3707.6118185500595,213.46024129642663,17.366731896637305,36.77137299245132,0.8277366652959608,12.169512679877224,0.942989323885483,26.68253016205333,273.31746983794665,263.6201171875,287.0068054199219
247,False,424,0.7061000642523045,36,3707.106781186548,3707.622783977887,213.57598796461534,17.357320064466847,36.476065182849894,0.829212705367922,12.169512679877224,0.9430202205975822,26.696998495576917,273.3030015044231,263.6201171875,287.0068054199219
248,False,674,0.36401754162893246,36,3707.106781186548,3707.8214427321363,213.61990510914524,17.353751651993612,34.72710913521493,0.8374350502708456,32.33652442933321,0.8486258833753744,26.702488138643155,273.29751186135684,263.6201171875,288.885009765625
249,False,425,0.7059544960283574,36,3707.106781186548,3707.6093818051877,213.78219458163224,17.34057781772372,36.45203453314832,0.8294898478122359,12.169512679877224,0.9430751812437292,26.72277432270403,273.277225677296,263.6201171875,287.0068054199219
250,False,422,0.7067606330460081,36,3707.106781186548,3707.6203472330153,213.89794124982095,17.331194304749538,36.156726723546896,0.8309627174890952,12.169512679877224,0.9431059849909266,26.737242656227618,273.26275734377236,263.6201171875,287.0068054199219
251,False,671,0.3765745229813161,37,3765.685424949239,3766.4092541355526,216.25639152139283,17.413059556099753,35.67468170558106,0.8350352493417426,30.45881170780431,0.8591541665264899,27.032048940174104,272.9679510598259,263.6201171875,287.0068054199219
252,False,673,0.37549070929049,37,3765.685424949239,3766.420290187011,216.39510432616206,17.401897499831605,35.52389037281876,0.8358378278314684,30.555910671142787,0.8587957395510791,27.049388040770257,272.9506119592297,263.6201171875,287.0068054199219
253,False,725,0.3550647589379835,37,3765.685424949239,3766.525942632714,216.49764059542605,17.39365572110903,34.098864648237026,0.8424977539965051,32.76971478839774,0.8486370812251242,27.062205074428256,272.9377949255717,263.6201171875,288.885009765625
254,False,653,0.43152028022385414,37,3765.685424949239,3766.4084621632087,216.54644739324803,17.38973541371824,35.66652637971151,0.8352938743209157,26.421284997548515,0.8779879082958701,27.068305924156004,272.931694075844,263.6201171875,287.0068054199219
255,False,670,0.3766807232416459,37,3765.685424949239,3766.4068173906808,216.57834480659838,17.387174273180204,35.35534324627806,0.8367549476017562,30.45881170780431,0.859363540085212,27.072293100824798,272.9277068991752,263.6201171875,287.0068054199219
256,False,729,0.3542399015051066,37,3765.685424949239,3766.536978684172,216.63635340019533,17.3825185193772,33.94807331547474,0.8432946604637404,32.86681375173622,0.8482857875149842,27.079544175024417,272.9204558249756,263.6201171875,288.885009765625
257,False,672,0.375606153777436,37,3765.685424949239,3766.417853442139,216.71705761136766,17.376045367421572,35.204551913515765,0.8375552330696228,30.555910671142787,0.8590055115738153,27.089632201420958,272.91036779857905,263.6201171875,287.0068054199219
258,False,722,0.3552647894475165,37,3765.685424949239,3766.523505887842,216.81959388063166,17.36782805258093,33.77952618893403,0.8442044577966921,32.76971478839774,0.8488618385364246,27.102449235078957,272.89755076492105,263.6201171875,288.885009765625
259,False,730,0.3539497716254308,37,3765.685424949239,3766.5207503322576,216.9063115661193,17.360884511658615,34.48162461298436,0.8410298696980361,32.68114359467188,0.8493306010382748,27.113288945764914,272.8867110542351,263.6201171875,288.885009765625
260,False,727,0.35445079178986855,37,3765.685424949239,3766.5345419393,216.95830668540088,17.356723890778007,33.62873485617174,0.844999090516802,32.86681375173622,0.8485109224262404,27.11978833567511,272.88021166432486,263.6201171875,288.885009765625
261,False,723,0.35523695361296864,37,3765.685424949239,3766.5364894326053,217.0854063756055,17.346561833980562,34.55454529618197,0.8408251117700882,32.49167251281988,0.8503276979540386,27.135675796950686,272.8643242030493,263.6201171875,288.885009765625
262,False,721,0.35541163817606825,37,3765.685424949239,3766.5340526877335,217.4073596608111,17.32087373134142,34.23520683687897,0.8425296784327303,32.49167251281988,0.8505493440354922,27.175919957601387,272.82408004239863,263.6201171875,288.885009765625
263,False,720,0.35600260263994155,37,3765.685424949239,3766.4703371604255,217.4924743552299,17.314095285884488,34.517237963754766,0.841294564025338,32.33652442933321,0.8513211800767044,27.186559294403736,272.81344070559624,263.6201171875,288.885009765625
264,False,444,0.7028652131303055,37,3765.685424949239,3766.2692416613045,217.7705104959056,17.291989702251442,35.94685555208674,0.8349323998450076,12.169512679877224,0.9441177198319236,27.2213138119882,272.7786861880118,263.6201171875,287.0068054199219
265,False,719,0.3561829816465763,37,3765.685424949239,3766.4679004155537,217.8144276404355,17.288503180173038,34.19789950445177,0.8429952511644219,32.33652442933321,0.8515409434552526,27.226803455054437,272.77319654494556,263.6201171875,288.885009765625
266,False,445,0.702678424949148,37,3765.685424949239,3766.255839488605,217.97671711292244,17.275631429013735,35.922824902385166,0.8351987983937963,12.169512679877224,0.944170584633712,27.247089639115305,272.7529103608847,263.6201171875,287.0068054199219
267,False,625,0.496975954549939,36,3789.9494936611673,3790.5267814822964,218.0785510746567,17.37882737658011,35.79003070197791,0.8358846822596249,22.351139724151107,0.8975087663871196,27.25981888433209,272.7401811156679,263.6201171875,287.0068054199219
268,False,442,0.70339695930882,37,3765.685424949239,3766.2668049164326,218.09246378111115,17.26646285553762,35.62751709278374,0.836640310833751,12.169512679877224,0.9442002145837961,27.261557972638894,272.7384420273611,263.6201171875,287.0068054199219
269,False,624,0.49771957148576484,36,3789.9494936611673,3790.5963467820816,218.12312245384035,17.375276178999336,35.44012843320952,0.8375223679428602,22.351139724151107,0.8975297094929443,27.265390306730044,272.73460969326993,263.6201171875,287.0068054199219
270,False,623,0.4977811832748491,36,3789.9494936611673,3790.5286631837866,218.14327755960156,17.373670809661643,35.399093612426626,0.8377254893735847,22.351139724151107,0.8975391771215857,27.2679096949502,272.7320903050498,263.6201171875,287.0068054199219
271,False,592,0.5703612362872693,36,3789.9494936611673,3790.6590420879656,218.31056512230393,17.360357669991497,35.41357998983044,0.8377834807491304,18.538425453505084,0.9150823257540499,27.28882064028799,272.711179359712,263.6201171875,287.314453125
272,False,591,0.570426296583407,36,3789.9494936611673,3790.5913584896707,218.33072022806513,17.358755056101316,35.37254516904754,0.8379864036902462,18.538425453505084,0.9150901648923243,27.29134002850814,272.70865997149184,263.6201171875,287.314453125
273,False,622,0.49791669837582825,36,3789.9494936611673,3790.5939100372098,218.4450757390459,17.349667786462874,35.120789973906525,0.8392237048370834,22.351139724151107,0.8976807343972737,27.305634467380738,272.69436553261926,263.6201171875,287.0068054199219
274,False,621,0.497978384210926,36,3789.9494936611673,3790.526226438915,218.46523084480717,17.348067145537968,35.07975515312363,0.8394263699652806,22.351139724151107,0.8976901741402097,27.308153855600896,272.6918461443991,263.6201171875,287.0068054199219
275,False,588,0.5802597387229615,36,3789.9494936611673,3790.593767243224,218.55383968497202,17.341033674467024,35.6054861030201,0.8370859731664171,18.005130751636457,0.917616955265625,27.319229960621502,272.6807700393785,263.6201171875,287.314453125
276,False,590,0.5706170160546643,36,3789.9494936611673,3790.656605343094,218.63251840750948,17.33479320124317,35.09424153052745,0.8394829745083243,18.538425453505084,0.915207373594118,27.329064800938685,272.6709351990613,263.6201171875,287.314453125
277,False,589,0.5706803423683662,36,3789.9494936611673,3790.588921744799,218.65267351327068,17.333195303606217,35.05320670974455,0.8396854420002458,18.538425453505084,0.9152151896629797,27.331584189158836,272.66841581084117,263.6201171875,287.314453125
278,False,507,0.661894685359458,36,3789.9494936611673,3790.5866822642006,218.74295088872034,17.32604172277626,35.610834607746874,0.8372023671479912,14.065952876412908,0.935696428985414,27.342868861090043,272.65713113890996,263.6201171875,287.314453125
279,False,504,0.6626356629217536,36,3789.9494936611673,3790.6958510774493,218.75305103928716,17.325241753910475,35.31541810360839,0.8385603403663344,14.065952876412908,0.9356993979760002,27.3441313799109,272.6558686200891,263.6201171875,287.314453125
280,False,412,0.7169285109901549,36,3789.9494936611673,3790.3452462368987,218.75839535595813,17.324818494367985,40.64336306570904,0.8142088992764132,10.48572587979412,0.9520670927269693,27.344799419494766,272.6552005805052,263.6201171875,287.0068054199219
281,False,502,0.6627116087452732,36,3789.9494936611673,3790.6281674791544,218.77320614504836,17.32364561658616,35.27438328282549,0.8387627813095252,14.065952876412908,0.935705321852407,27.346650768131042,272.65334923186896,263.6201171875,287.314453125
282,False,411,0.7173367316692112,36,3789.9494936611673,3790.3764975360014,218.77770930357175,17.32328903948028,40.56296194223524,0.8145928025695212,10.48572587979412,0.9520713242991117,27.347213662946466,272.65278633705356,263.6201171875,287.0068054199219
283,False,410,0.7175314144117096,36,3789.9494936611673,3790.3088139377064,218.79786440933296,17.321693261917893,40.52192712145234,0.814797428526803,10.48572587979412,0.9520757393674687,27.34973305116662,272.6502669488334,263.6201171875,287.0068054199219
284,False,405,0.7190864771148902,36,3789.9494936611673,3790.417982750955,218.80796455989977,17.320893694542136,40.226510617313856,0.8161560951484395,10.48572587979412,0.952077951545847,27.35099556998747,272.64900443001255,263.6201171875,287.0068054199219
285,False,403,0.7192767052201596,36,3789.9494936611673,3790.35029915266,218.82811966566103,17.319298358235145,40.18547579653096,0.816360548827414,10.48572587979412,0.9520823653933742,27.35351495820763,272.64648504179235,263.6201171875,287.0068054199219
286,False,402,0.7193939272848092,36,3789.9494936611673,3790.3705594938747,218.86888503895423,17.316072556346384,40.153312977823546,0.8165417027154085,10.48572587979412,0.9520912902812665,27.35861062986928,272.6413893701307,263.6201171875,287.0068054199219
287,False,375,0.7258185457600443,36,3789.9494936611673,3790.347654990452,218.98151481286502,17.30716630077175,40.876303999681596,0.8133344541222429,9.95243117792549,0.9545512725746256,27.37268935160813,272.62731064839187,263.6201171875,287.0068054199219
288,False,374,0.726253611614059,36,3789.9494936611673,3790.378906289555,219.00082876047864,17.305639960870824,40.7959028762078,0.813718043410574,9.95243117792549,0.9545552807527935,27.37510359505983,272.62489640494016,263.6201171875,287.0068054199219
289,False,490,0.6648953281803672,36,3789.9494936611673,3790.569707400868,219.00114140713404,17.30561525528975,35.59839829184484,0.837451083299764,13.910804792926236,0.9364806744679683,27.375142675891755,272.62485732410823,263.6201171875,287.314453125
290,False,373,0.7264619283870148,36,3789.9494936611673,3790.31122269126,219.02098386623985,17.30404743307956,40.7548680554249,0.8139225414113076,9.95243117792549,0.9545594627407773,27.37762298327998,272.62237701672,263.6201171875,287.0068054199219
291,False,363,0.7281161410377298,36,3789.9494936611673,3790.4203915045086,219.03108401680666,17.303249493895386,40.45945155128641,0.8152798643493822,9.95243117792549,0.9545615581340874,27.378885502100832,272.62111449789916,263.6201171875,287.0068054199219
292,False,362,0.7283200015138229,36,3789.9494936611673,3790.3527079062137,219.05123912256792,17.301657406012385,40.418416730503516,0.8154841904003666,9.95243117792549,0.9545657389668692,27.38140489032099,272.618595109679,263.6201171875,287.0068054199219
293,False,488,0.6658062460623704,36,3789.9494936611673,3790.5715891023583,219.06586789207896,17.300502036804087,35.20746120229356,0.8392836750833397,13.910804792926236,0.9364994422600819,27.38323348650987,272.6167665134901,263.6201171875,287.314453125
294,False,501,0.6629932907991226,36,3789.9494936611673,3790.6934143325775,219.0750043244927,17.29978052652467,34.99607964430539,0.8402552598265871,14.065952876412908,0.9357938943341135,27.38437554056159,272.61562445943844,263.6201171875,287.314453125
295,False,452,0.7023425844252391,36,3789.9494936611673,3790.7143455604037,219.07683907361726,17.29963564239493,35.55381526106441,0.8377107529421807,12.169512679877224,0.9444509390799278,27.384604884202158,272.61539511579787,263.6201171875,287.314453125
296,False,361,0.7284477022275131,36,3789.9494936611673,3790.372968247428,219.09200449586112,17.298438171589066,40.3862539117961,0.8156653228641256,9.95243117792549,0.9545741926966874,27.38650056198264,272.61349943801736,263.6201171875,287.0068054199219
297,False,499,0.663064626334324,36,3789.9494936611673,3790.6257307342826,219.09515943025397,17.298189076914078,34.95504482352249,0.840457247369493,14.065952876412908,0.9357998008126208,27.386894928781746,272.61310507121823,263.6201171875,287.314453125
298,False,450,0.7024320164519184,36,3789.9494936611673,3790.6466619621087,219.09699417937847,17.2980442194395,35.51278044028152,0.8379129728671376,12.169512679877224,0.9444560491326784,27.38712427242231,272.6128757275777,263.6201171875,287.314453125
299,False,449,0.7024511007286395,36,3789.9494936611673,3790.67474204694,219.1113103022341,17.296914013400084,35.499329496434505,0.8379849518152759,12.169512679877224,0.9444596782197549,27.388913787779263,272.61108621222075,263.6201171875,287.314453125
300,False,408,0.7186576116982837,36,3789.9494936611673,3790.340133459345,219.11890406452918,17.296314573319744,39.49284058691422,0.819765251403029,10.672728187772417,0.9512925266154609,27.389863008066147,272.61013699193387,263.6201171875,287.0068054199219
301,False,447,0.7025395042335681,36,3789.9494936611673,3790.607058448645,219.1314654079953,17.295323091116817,35.458294675651615,0.8381871147092786,12.169512679877224,0.9444647866648492,27.391433175999413,272.6085668240006,263.6201171875,287.314453125
302,False,406,0.7190273665209694,36,3789.9494936611673,3790.3713847584477,219.1382180121428,17.294790146788362,39.41243946344042,0.8201480334148902,10.672728187772417,0.9512968194932523,27.392277251517854,272.60772274848216,263.6201171875,287.0068054199219
303,False,443,0.70332982407597,36,3789.9494936611673,3790.716227261894,219.14156555856218,17.294525956320058,35.16287817151313,0.8395426349999475,12.169512679877224,0.9444673462614964,27.392695694820272,272.60730430517975,263.6201171875,287.314453125
304,False,404,0.7192019395129323,36,3789.9494936611673,3790.3037011601527,219.158373117904,17.293199615157892,39.37140464265753,0.8203518118768098,10.672728187772417,0.9513012985270216,27.394796639737997,272.605203360262,263.6201171875,287.0068054199219
305,False,441,0.7034119586009848,36,3789.9494936611673,3790.648543663599,219.16172066432338,17.292935473280032,35.12184335073023,0.8397446267337707,12.169512679877224,0.9444724532961825,27.395215083040426,272.6047849169596,263.6201171875,287.314453125
306,False,372,0.7264838375800675,36,3789.9494936611673,3790.3504444888713,219.1666477553225,17.292546710356515,41.237859951352355,0.8118424478646483,9.797283094438818,0.9552975637726754,27.39583096941531,272.60416903058467,263.6201171875,287.0068054199219
307,False,392,0.7206136860305773,36,3789.9494936611673,3790.4128699734015,219.16847326847082,17.292402676084993,39.07598813851904,0.8217079876691351,10.672728187772417,0.9513035427559016,27.396059158558852,272.60394084144116,263.6201171875,287.0068054199219
308,False,266,0.796802865837847,36,3789.9494936611673,3790.339295386856,219.18507196023833,17.291093137714643,40.96176189864193,0.8131179211599198,6.013253302701941,0.9725654067180598,27.39813399502979,272.6018660049702,263.6201171875,287.0068054199219
309,False,390,0.7207830101731983,36,3789.9494936611673,3790.3451863751066,219.18862837423208,17.290812583535995,39.03495331773615,0.8219115945600528,10.672728187772417,0.9513080205531907,27.39857854677901,272.601421453221,263.6201171875,287.0068054199219
310,False,263,0.7974400651465647,36,3789.9494936611673,3790.3705466859587,219.20438590785196,17.28956963139582,40.88136077516813,0.8135011733188877,6.013253302701941,0.9725678239611968,27.40054823848149,272.5994517615185,263.6201171875,287.0068054199219
311,False,440,0.7034545296680398,36,3789.9494936611673,3790.5872940868935,219.2045229839516,17.289558819635474,35.08430240807883,0.8399471784136159,12.169512679877224,0.9444832957175424,27.40056537299395,272.5994346270061,263.6201171875,287.314453125
312,False,358,0.7288585496270716,36,3789.9494936611673,3790.423181002928,219.21621695926413,17.288636517094147,40.82100750295717,0.8137865525225136,9.797283094438818,0.9553076718942769,27.402027119908016,272.59797288009196,263.6201171875,287.0068054199219
313,False,262,0.7977504059402517,36,3789.9494936611673,3790.302863087664,219.22454101361316,17.28798005979551,40.840325954385236,0.8137055013751897,6.013253302701941,0.9725703460255914,27.403067626701645,272.59693237329833,263.6201171875,287.0068054199219
314,False,251,0.8001547256011028,36,3789.9494936611673,3790.4120319009126,219.23464116417998,17.287183601714467,40.54490945024675,0.8150615740516867,6.013253302701941,0.9725716097110824,27.404330145522497,272.5956698544775,263.6201171875,287.0068054199219
315,False,339,0.7506576796783534,36,3789.9494936611673,3790.3578043071566,219.23735241430396,17.286969815705067,40.24612845268171,0.8164266809032314,8.847832370170897,0.9596426782537918,27.404669051787995,272.595330948212,263.6201171875,287.0068054199219
316,False,439,0.7036542609882178,36,3789.9494936611673,3790.7274274729416,219.25461532695746,17.285608733980393,34.98198990071001,0.8404503830008592,12.169512679877224,0.9444959794267966,27.406826915869683,272.59317308413034,263.6201171875,287.314453125
317,False,249,0.8004604972999817,36,3789.9494936611673,3790.3443483026176,219.25479626994124,17.285594468798177,40.50387462946385,0.8152657304718823,6.013253302701941,0.9725741310794471,27.406849533742655,272.5931504662573,263.6201171875,287.0068054199219
318,False,338,0.7511239432007557,36,3789.9494936611673,3790.3890556062593,219.25666636191752,17.28544703587375,40.16572732920791,0.8168095502149609,8.847832370170897,0.9596462332617692,27.40708329523969,272.5929167047603,263.6201171875,287.0068054199219
319,False,436,0.7043575966143217,36,3789.9494936611673,3790.5891757883837,219.2692494688965,17.284455083606122,34.69336531852755,0.8417773335633694,12.169512679877224,0.9444996837935387,27.408656183612063,272.59134381638796,263.6201171875,287.314453125
320,False,337,0.7513475930308487,36,3789.9494936611673,3790.3213720079643,219.2768214676788,17.283858222196105,40.12469250842502,0.8170135254612884,8.847832370170897,0.9596499424291633,27.40960268345985,272.59039731654013,263.6201171875,287.0068054199219
321,False,336,0.7531144714441376,36,3789.9494936611673,3790.430540821213,219.2869216182456,17.28306214384756,39.82927600428653,0.8183691224704002,8.847832370170897,0.9596518009150861,27.4108652022807,272.5891347977193,263.6201171875,287.0068054199219
322,False,247,0.800664863222018,36,3789.9494936611673,3790.364608643832,219.29556164323444,17.282381208548696,40.47171181075644,0.8154467354127364,6.013253302701941,0.9725792293394212,27.411945205404304,272.5880547945957,263.6201171875,287.0068054199219
323,False,335,0.7533327007344736,36,3789.9494936611673,3790.362857222918,219.3070767240068,17.28147376854025,39.78824118350364,0.8185729262463506,8.847832370170897,0.959655509059082,27.41338459050085,272.58661540949913,263.6201171875,287.0068054199219
324,False,396,0.720133059164797,36,3789.9494936611673,3790.374174256867,219.32335095460022,17.28019144867837,39.77399541511118,0.8186513417654996,10.517580104285745,0.9520453245926246,27.415418869325027,272.58458113067496,263.6201171875,287.0068054199219
325,False,393,0.7203155643130663,36,3789.9494936611673,3790.306490658572,219.34350606036148,17.27860360095733,39.73296059432829,0.8188550857603502,10.517580104285745,0.9520497310670716,27.41793825754518,272.5820617424548,263.6201171875,287.0068054199219
326,False,420,0.7141588571639549,36,3789.9494936611673,3790.468362972625,219.3532609019786,17.27783520553526,38.816340502079086,0.8230418807431144,11.032691304514431,0.9497035455085185,27.419157612747323,272.5808423872527,263.6201171875,287.0068054199219
327,False,381,0.7217856121590822,36,3789.9494936611673,3790.4156594718206,219.3536062109283,17.277808006569945,39.437544090189796,0.8202101858664359,10.517580104285745,0.9520519389402144,27.419200776366036,272.58079922363396,263.6201171875,287.0068054199219
328,False,435,0.7044097727815346,36,3789.9494936611673,3790.5901380489427,219.3557977693259,17.27763538598907,34.62485966040282,0.8421520652177416,12.169512679877224,0.9445215818153361,27.419474721165734,272.5805252788343,263.6201171875,287.314453125
329,False,268,0.7960427107543075,36,3789.9494936611673,3790.342084885275,219.3702049026958,17.276500677666064,41.3233178503127,0.8116274820974794,5.858105219215269,0.9732958027649484,27.421275612836975,272.57872438716305,263.6201171875,287.0068054199219
330,False,419,0.7143177863906118,36,3789.9494936611673,3790.40067937433,219.3734160077398,17.276247790787252,38.775305681296196,0.8232451935747395,11.032691304514431,0.9497081665349771,27.421677000967474,272.57832299903254,263.6201171875,287.0068054199219
331,False,380,0.7219630642504699,36,3789.9494936611673,3790.3479758735257,219.3737613166895,17.276220596819552,39.396509269406906,0.8204137585418256,10.517580104285745,0.9520563441992386,27.421720164586187,272.5782798354138,263.6201171875,287.0068054199219
332,False,434,0.7046421737006233,36,3789.9494936611673,3790.600375999431,219.3822992372918,17.27554824084427,34.512477047724424,0.8426834016795745,12.169512679877224,0.944528283630056,27.422787404661474,272.57721259533855,263.6201171875,287.314453125
333,False,267,0.7966955407768498,36,3789.9494936611673,3790.373336184378,219.38951885030937,17.274979741612313,41.24291672683889,0.8120105420579405,5.858105219215269,0.9732981536678956,27.42368985628867,272.57631014371134,263.6201171875,287.0068054199219
334,False,265,0.797013986014551,36,3789.9494936611673,3790.305652586083,219.40967395607063,17.27339285149285,41.201881906056,0.8122148346371214,5.858105219215269,0.9733006065156993,27.426209244508826,272.5737907554912,263.6201171875,287.0068054199219
335,False,255,0.7994784990386278,36,3789.9494936611673,3790.4148213993317,219.41977410663745,17.27259773688064,40.90646540191751,0.8135698317598437,5.858105219215269,0.9733018355202195,27.42747176332968,272.57252823667034,263.6201171875,287.0068054199219
336,False,433,0.7052286255385365,36,3789.9494936611673,3790.592019750433,219.42052425427082,17.272538685894602,34.23392257085154,0.8439803081904029,12.169512679877224,0.9445379472989736,27.427565531783852,272.57243446821616,263.6201171875,287.314453125
337,False,254,0.799792963862085,36,3789.9494936611673,3790.3471378010368,219.43992921239865,17.271011284335714,40.86543058113461,0.8137739529546583,5.858105219215269,0.9733042876916664,27.42999115154983,272.5700088484502,263.6201171875,287.0068054199219
338,False,334,0.7536854244870111,36,3789.9494936611673,3790.433330319632,219.47205456070301,17.268483230118566,40.190831955957286,0.8168749454849568,8.692684286684226,0.9603927511223077,27.434006820087877,272.56599317991214,263.6201171875,287.0068054199219
339,False,252,0.800004231958754,36,3789.9494936611673,3790.367398142251,219.48069458569185,17.267803443101723,40.8332677624272,0.8139550822931961,5.858105219215269,0.9733092460351765,27.435086823211485,272.56491317678854,263.6201171875,287.0068054199219
340,False,413,0.7160713037700982,36,3789.9494936611673,3790.341311499115,219.4809448123129,17.267783756362572,38.346827649093505,0.825284023258213,11.032691304514431,0.949732805670447,27.435118101539114,272.5648818984609,263.6201171875,287.0068054199219
341,False,378,0.7239104896589138,36,3789.9494936611673,3790.2886079983105,219.48129012126262,17.267756589034235,38.968031237204215,0.8224539722011178,10.517580104285745,0.9520798328710625,27.435161265157827,272.56483873484217,263.6201171875,287.0068054199219
342,False,333,0.753912648875216,36,3789.9494936611673,3790.3656467213373,219.49220966646428,17.266897533266874,40.149797135174396,0.8170787145649261,8.692684286684226,0.9603963881000904,27.436526208308035,272.563473791692,263.6201171875,287.0068054199219
343,False,330,0.7571107089833434,36,3789.9494936611673,3790.3605096437896,219.5074185838042,17.265701169066542,39.34030065481896,0.8207791749881133,8.776287991236734,0.9600182624903582,27.438427322975524,272.56157267702446,263.6201171875,287.0068054199219
344,False,329,0.7575502879852376,36,3789.9494936611673,3790.3917609428922,219.52673253141776,17.264182133803523,39.25989953134516,0.8211611903542251,8.776287991236734,0.9600217800810172,27.44084156642722,272.5591584335728,263.6201171875,287.0068054199219
345,False,430,0.7054733811776099,36,3789.9494936611673,3790.60321996148,219.5335740226661,17.26364411700357,34.053034300048424,0.8448846175276472,12.169512679877224,0.9445665077241407,27.441696752833263,272.55830324716675,263.6201171875,287.314453125
346,False,428,0.7057108413307012,36,3789.9494936611673,3790.6029851782605,219.53627092245952,17.263432041258376,33.938614761250115,0.8454077104496447,12.169512679877224,0.9445671886985112,27.44203386530744,272.55796613469255,263.6201171875,287.314453125
347,False,328,0.7577597333496692,36,3789.9494936611673,3790.3240773445973,219.54688763717903,17.2625972267227,39.21886471056227,0.8213645151946997,8.776287991236734,0.9600254502093405,27.443360954647382,272.5566390453526,263.6201171875,287.0068054199219
348,False,238,0.8031871553193113,36,3789.9494936611673,3790.2877699258215,219.54745801697177,17.262552378849183,40.43695254893193,0.8158168037372311,5.858105219215269,0.9733173625778786,27.44343225212147,272.55656774787855,263.6201171875,287.0068054199219
349,False,327,0.7594260872285192,36,3789.9494936611673,3790.433246157846,219.55698778774584,17.261803105647708,38.92344820642378,0.8227182445951,8.776287991236734,0.9600272891349688,27.44462347346823,272.55537652653175,263.6201171875,287.0068054199219
350,False,200,0.8262749850118208,36,3789.9494936611673,3790.3596715713006,219.57358647951335,17.260498197558825,40.80922196654667,0.8141433010187942,4.1168131061662585,0.9812508727840524,27.44669830993917,272.55330169006083,263.6201171875,287.0068054199219
351,False,326,0.7596291126678326,36,3789.9494936611673,3790.365562559551,219.57714289350704,17.26021863532152,38.88241338564089,0.822921398496844,8.776287991236734,0.9600309582519108,27.44714286168838,272.5528571383116,263.6201171875,287.0068054199219
352,False,236,0.803392796781749,36,3789.9494936611673,3790.308030267036,219.58822339026503,17.259347678793535,40.404789730224515,0.8159974651353923,5.858105219215269,0.9733223160660857,27.44852792378313,272.5514720762169,263.6201171875,287.0068054199219
353,False,197,0.8270193940145562,36,3789.9494936611673,3790.3909228704033,219.59290042712692,17.2589800776318,40.728820843072874,0.8145257849235934,4.1168131061662585,0.9812525218339996,27.449112553390865,272.5508874466091,263.6201171875,287.0068054199219
354,False,331,0.756380924662341,36,3789.9494936611673,3790.306278846122,219.5997384710374,17.258442655937028,39.721319102971705,0.8191194607993102,8.692684286684226,0.9604157803319484,27.449967308879675,272.55003269112035,263.6201171875,287.0068054199219
355,False,196,0.8273831898992042,36,3789.9494936611673,3790.3232392721084,219.61305553288818,17.25739612549402,40.68778602228998,0.8147296574715852,4.1168131061662585,0.9812542423938465,27.45163194161102,272.548368058389,263.6201171875,287.0068054199219
356,False,193,0.8301954880587037,36,3789.9494936611673,3790.432408085357,219.623155683455,17.25660248286232,40.39236951815149,0.8160832841489201,4.1168131061662585,0.9812551044840652,27.452894460431875,272.5471055395681,263.6201171875,287.0068054199219
357,False,276,0.7867310043122899,36,3789.9494936611673,3790.378180491601,219.62586693357892,17.2563894525564,40.09358852058645,0.8174459635361991,6.951392173635215,0.9683489368957733,27.453233366697365,272.54676663330264,263.6201171875,287.0068054199219
358,False,409,0.7178205850577447,36,3789.9494936611673,3790.344155461164,219.63221959768723,17.255890327035953,37.8873849014175,0.8274962345196075,11.032691304514431,0.9497674279086937,27.454027449710903,272.5459725502891,263.6201171875,287.0068054199219
359,False,192,0.8305556466876393,36,3789.9494936611673,3790.364724487062,219.6433107892162,17.255018967084528,40.35133469736859,0.8162869856933985,4.1168131061662585,0.9812568245699183,27.455413848652025,272.54458615134797,263.6201171875,287.0068054199219
360,False,275,0.7872878770077454,36,3789.9494936611673,3790.409431790704,219.64518088119254,17.254872055267967,40.01318739711265,0.8178280659899566,6.951392173635215,0.9683517200525549,27.455647610149068,272.5443523898509,263.6201171875,287.0068054199219
361,False,426,0.7059296273360424,36,3789.9494936611673,3790.6141853893077,219.6493206908548,17.254546846495042,33.757726490447,0.8463108085913033,12.169512679877224,0.9445957190233919,27.45616508635685,272.54383491364314,263.6201171875,287.314453125
362,False,274,0.7875566925683858,36,3789.9494936611673,3790.341748192409,219.66533598695375,17.25328885703777,39.97215257632976,0.8180315870197027,6.951392173635215,0.9683546238991114,27.45816699836922,272.5418330016308,263.6201171875,287.0068054199219
363,False,272,0.7896599648360797,36,3789.9494936611673,3790.4509170056576,219.67543613752056,17.25249559212708,39.67673607219127,0.8193847397332447,6.951392173635215,0.9683560788777335,27.45942951719007,272.5405704828099,263.6201171875,287.0068054199219
364,False,191,0.8307988262031776,36,3789.9494936611673,3790.3849848282766,219.6840761625094,17.251817063233954,40.31917187866118,0.8164674810165329,4.1168131061662585,0.981260302621475,27.46050952031368,272.5394904796863,263.6201171875,287.0068054199219
365,False,323,0.7618386245592055,36,3789.9494936611673,3790.306194684336,219.68467169808017,17.251770295880355,38.4539353534382,0.8249584959378199,8.776287991236734,0.9600505218529845,27.46058396226002,272.53941603773995,263.6201171875,287.0068054199219
366,False,271,0.7899227438756318,36,3789.9494936611673,3790.3832334073627,219.69559124328183,17.250912829945385,39.63570125140838,0.8195880899243106,6.951392173635215,0.9683589819245051,27.461948905410228,272.5380510945898,263.6201171875,287.0068054199219
367,False,704,0.36115031036433975,36,3789.9494936611673,3790.7115904431885,219.69725974580888,17.250781816970147,33.6136246646045,0.847000255244441,31.632893413034946,0.8560159855901962,27.46215746822611,272.5378425317739,263.6201171875,288.885009765625
368,False,703,0.3612291548416492,36,3789.9494936611673,3790.6439068448935,219.71741485157008,17.249199369205506,33.5725898438216,0.847201052012643,31.632893413034946,0.8560291935238519,27.46467685644626,272.53532314355374,263.6201171875,288.885009765625
369,False,407,0.7188722420348921,36,3789.9494936611673,3790.3551208889917,219.74796626587593,17.246801224433895,37.59207709181607,0.8289309442512295,11.032691304514431,0.9497938866420914,27.46849578323449,272.5315042167655,263.6201171875,287.0068054199219
370,False,188,0.8344446893963914,36,3789.9494936611673,3790.305356611847,219.75083959378932,17.246575715782978,39.92285666516591,0.8183267161164729,4.1168131061662585,0.9812659960081326,27.468854949223665,272.53114505077633,263.6201171875,287.0068054199219
371,False,186,0.8346818984973973,36,3789.9494936611673,3790.3256169530614,219.79160496708258,17.24337694439592,39.8906938464585,0.8185067448211556,4.1168131061662585,0.981269470657067,27.473950620885322,272.5260493791147,263.6201171875,287.0068054199219
372,False,270,0.7927646376123839,36,3789.9494936611673,3790.3238655321475,219.80312004785495,17.242473595625164,39.20722321920569,0.8216257202779033,6.951392173635215,0.9683744608715209,27.475390005981865,272.52460999401814,263.6201171875,287.0068054199219
373,False,316,0.764053314833691,36,3789.9494936611673,3790.309038646385,219.83594648345448,17.239898907735775,37.99449260576219,0.8271688810973333,8.776287991236734,0.9600780121193817,27.47949331043181,272.5205066895682,263.6201171875,287.0068054199219
374,False,713,0.36023914846467725,36,3789.9494936611673,3790.7226264946466,219.83597255057816,17.23989686350902,33.46283333184221,0.8477827220740985,31.729992376373428,0.8556651488460414,27.47949656882227,272.52050343117776,263.6201171875,288.885009765625
375,False,429,0.7057035402132878,36,3789.9494936611673,3790.6007832166088,219.85552730787165,17.238363483825285,33.733695840745426,0.8465642585664589,12.169512679877224,0.9446476837362573,27.481940913483953,272.518059086516,263.6201171875,287.314453125
376,False,712,0.3603193879195427,36,3789.9494936611673,3790.6549428963517,219.85612765633937,17.238316412018765,33.421798511059315,0.8479833204226108,31.729992376373428,0.8556783806091086,27.48201595704242,272.51798404295755,263.6201171875,288.885009765625
377,False,427,0.705923504986784,36,3789.9494936611673,3790.6005484333887,219.85822420766507,17.238152028742874,33.61927630194712,0.8470865648846853,12.169512679877224,0.944648362717682,27.48227802595813,272.5177219740419,263.6201171875,287.314453125
378,False,177,0.8384848922522828,36,3789.9494936611673,3790.308200573896,219.90211437916363,17.234711473152966,39.4634139174899,0.820540998303247,4.1168131061662585,0.9812788834805477,27.487764297395454,272.5122357026045,263.6201171875,287.0068054199219
379,False,174,0.8387144032102509,36,3789.9494936611673,3790.3284609151106,219.94287975245683,17.231517100834143,39.43125109878249,0.8207204927790256,4.1168131061662585,0.981282353351017,27.492859969057104,272.5071400309429,263.6201171875,287.0068054199219
380,False,311,0.7653896191488962,36,3789.9494936611673,3790.3200040742126,219.95169315164318,17.230826639048555,37.699184796160765,0.8286024342164555,8.776287991236734,0.9600990205372685,27.493961643955398,272.5060383560446,263.6201171875,287.0068054199219
381,False,269,0.7956563731421744,36,3789.9494936611673,3790.3267094941966,219.9543948332292,17.230614994234283,38.74778047152968,0.8238372072496734,6.951392173635215,0.9683962115014533,27.49429935415365,272.50570064584633,263.6201171875,287.0068054199219
382,False,423,0.7061132671845258,36,3789.9494936611673,3790.6117486444364,219.97127397606036,17.229292830634016,33.438388031144,0.8479874784251005,12.169512679877224,0.9446768095674091,27.496409247007545,272.50359075299247,263.6201171875,287.314453125
383,False,168,0.8410028210870785,36,3789.9494936611673,3790.3191660017237,220.01786104735234,17.225644661846307,39.16810610788848,0.8219776070840963,4.1168131061662585,0.9812887322576042,27.502232630919043,272.497767369081,263.6201171875,287.0068054199219
384,False,167,0.8412266288834782,36,3789.9494936611673,3790.339426342938,220.05862642064554,17.22245364931352,39.135943289181064,0.8221567410205857,4.1168131061662585,0.9812921984785231,27.507328302580692,272.4926716974193,263.6201171875,287.0068054199219
385,False,264,0.7974252575571049,36,3789.9494936611673,3790.3376749220242,220.0701415014179,17.221552491421235,38.452472661928255,0.8252717410931437,6.951392173635215,0.9684128336256356,27.50876768767724,272.4912323123228,263.6201171875,287.0068054199219
386,False,368,0.7270276588336848,36,3789.9494936611673,3790.381792339221,220.24681631810907,17.20773792338151,37.291729494664736,0.8306820951236672,10.672728187772417,0.9515419638467896,27.530852039763634,272.46914796023634,263.6201171875,287.0068054199219
387,False,367,0.7273210930597518,36,3789.9494936611673,3790.413043638324,220.2661302657227,17.206229069757942,37.21132837119094,0.8310619597924553,10.672728187772417,0.9515462128703258,27.533266283215337,272.4667337167847,263.6201171875,287.0068054199219
388,False,366,0.7274556335713499,36,3789.9494936611673,3790.345360040029,220.2862853714839,17.204654784885562,37.17029355040805,0.8312636962953674,10.672728187772417,0.9515506461522366,27.535785671435487,272.46421432856454,263.6201171875,287.0068054199219
389,False,360,0.7285840275454344,36,3789.9494936611673,3790.4545288532777,220.2963855220507,17.203865985725898,36.87487704626955,0.832612428211726,10.672728187772417,0.951552867458626,27.53704819025634,272.4629518097437,263.6201171875,287.0068054199219
390,False,221,0.8124233480496719,36,3789.9494936611673,3790.3809542667323,220.31298421381823,17.20256982213515,38.76065080639245,0.8240655177691458,6.013253302701941,0.9727058606002724,27.53912302672728,272.4608769732727,263.6201171875,287.0068054199219
391,False,359,0.7287117840427748,36,3789.9494936611673,3790.3868452549827,220.31654062781197,17.20229213322505,36.83384222548666,0.8328139951701979,10.672728187772417,0.9515572995229522,27.539567578476497,272.4604324215235,263.6201171875,287.0068054199219
392,False,219,0.8129803973935996,36,3789.9494936611673,3790.412205565835,220.33229816143185,17.201061874661555,38.68024968291865,0.8244458483586523,6.013253302701941,0.9727082531572553,27.54153727017898,272.458462729821,263.6201171875,287.0068054199219
393,False,217,0.8132470165160349,36,3789.9494936611673,3790.34452196754,220.35245326719306,17.199488535149566,38.63921486213575,0.8246481294434106,6.013253302701941,0.9727107494673071,27.544056658399132,272.45594334160086,263.6201171875,287.0068054199219
394,False,214,0.8153508705943748,36,3789.9494936611673,3790.4536907807887,220.36255341775987,17.198700209632445,38.343798357997265,0.8259967595977812,6.013253302701941,0.9727120002494157,27.545319177219984,272.45468082278,263.6201171875,287.0068054199219
395,False,212,0.8156090531517152,36,3789.9494936611673,3790.386007182494,220.38270852352113,17.19712730210261,38.30276353721437,0.8261988710737422,6.013253302701941,0.972714495874071,27.54783856544014,272.45216143455986,263.6201171875,287.0068054199219
396,False,318,0.76360850797909,36,3789.9494936611673,3790.4721997010893,220.4148338718255,17.194620829671923,37.62816491203704,0.8292847888181683,8.847832370170897,0.9598582717199694,27.55185423397819,272.4481457660218,263.6201171875,287.0068054199219
397,False,210,0.8157705300120988,36,3789.9494936611673,3790.4062675237083,220.42347389681433,17.193946845404206,38.270600718506955,0.8263769278202087,6.013253302701941,0.9727195420868973,27.55293423710179,272.4470657628982,263.6201171875,287.0068054199219
398,False,317,0.763780553457518,36,3789.9494936611673,3790.4045161027943,220.4349889775867,17.19304866817908,37.58713009125415,0.8294865517239828,8.847832370170897,0.9598619420119802,27.554373622198334,272.44562637780166,263.6201171875,287.0068054199219
399,False,357,0.7288808831890348,36,3789.9494936611673,3790.415833136743,220.4512632081801,17.191779436900667,37.5728843228617,0.8295637603701084,10.517580104285745,0.9522906788955271,27.556407901022514,272.4435920989775,263.6201171875,287.0068054199219
400,False,356,0.7290243612325247,36,3789.9494936611673,3790.348149538448,220.47141831394137,17.190207794937166,37.531849502078806,0.8297654644347816,10.517580104285745,0.9522950403969861,27.55892728924267,272.44107271075734,263.6201171875,287.0068054199219
401,False,315,0.7646534934612906,36,3789.9494936611673,3790.4168769891853,220.47337794741358,17.190055003217353,37.69894288992031,0.8290090928850733,8.776287991236734,0.9601934343595442,27.559172243426698,272.4408277565733,263.6201171875,287.0068054199219
402,False,385,0.7215877632301695,36,3789.9494936611673,3790.5100218525013,220.48117315555848,17.189447241317076,36.61522940982961,0.8339303583803227,11.032691304514431,0.9499608463316257,27.56014664444481,272.4398533555552,263.6201171875,287.0068054199219
403,False,350,0.7302185498144955,36,3789.9494936611673,3790.457318351697,220.48151846450818,17.18942031992242,37.23643299794031,0.8311131324871821,10.517580104285745,0.9522972257378625,27.560189808063523,272.4398101919365,263.6201171875,287.0068054199219
404,False,222,0.8121938388004389,36,3789.9494936611673,3790.3837437651514,220.4981171562757,17.188126332049723,39.12220675806321,0.8225735110003876,5.858105219215269,0.973432402531295,27.562264644534462,272.4377353554655,263.6201171875,287.0068054199219
405,False,383,0.7217059147433874,36,3789.9494936611673,3790.4423382542063,220.50132826131968,17.187876025715532,36.57419458904671,0.8341316359523148,11.032691304514431,0.949965420201735,27.56266603266496,272.43733396733506,263.6201171875,287.0068054199219
406,False,349,0.7303553564123219,36,3789.9494936611673,3790.389634753402,220.5016735702694,17.18784910924219,37.19539817715742,0.8313146672544234,10.517580104285745,0.952301586042457,27.562709196283674,272.43729080371634,263.6201171875,287.0068054199219
407,False,313,0.7648577942428758,36,3789.9494936611673,3790.3191979382723,220.51074963623958,17.187141669570163,37.64699666684991,0.8292736443508836,8.776287991236734,0.9602001806908991,27.563843704529948,272.43615629547,263.6201171875,287.0068054199219
408,False,310,0.765506930734955,36,3789.9494936611673,3790.365376189656,220.51536622226254,17.18678184921222,37.513407265001746,0.8298830239921189,8.776287991236734,0.9602010139175929,27.564420777782818,272.4355792222172,263.6201171875,287.0068054199219
409,False,220,0.8127744738287243,36,3789.9494936611673,3790.414995064254,220.51743110388927,17.186620915584953,39.04180563458941,0.8229536529645305,5.858105219215269,0.9734347294456944,27.56467888798616,272.43532111201387,263.6201171875,287.0068054199219
410,False,218,0.8130532228683907,36,3789.9494936611673,3790.347311465959,220.53758620965053,17.18505021660259,39.00077081380651,0.8231559006149135,5.858105219215269,0.9734371572669416,27.567198276206316,272.43280172379366,263.6201171875,287.0068054199219
411,False,215,0.8152472117583456,36,3789.9494936611673,3790.456480279208,220.54768636021734,17.184263214038427,38.705354309668024,0.8245034670350107,5.858105219215269,0.9734383737327115,27.568460795027168,272.4315392049728,263.6201171875,287.0068054199219
412,False,213,0.8155181845187042,36,3789.9494936611673,3790.388796680913,220.56784146597855,17.182692945951267,38.66431948888513,0.8247055453238006,5.858105219215269,0.9734408008879262,27.57098018324732,272.42901981675266,263.6201171875,287.0068054199219
413,False,170,0.8405158689323154,36,3789.9494936611673,3790.3183598657833,220.57691753194874,17.18198593065489,39.11591797857762,0.8226654066243717,4.1168131061662585,0.9813361563293677,27.572114691493592,272.4278853085064,263.6201171875,287.0068054199219
414,False,306,0.7665788499619706,36,3789.9494936611673,3790.35750911397,220.5809067519867,17.18167519332238,37.27046485771763,0.8310349458322646,8.776287991236734,0.9602128392685207,27.572613343998338,272.42738665600166,263.6201171875,287.0068054199219
415,False,164,0.841711024030369,36,3789.9494936611673,3790.3645381171673,220.5815341179717,17.181626326137625,38.98232857672946,0.8232747417747086,4.1168131061662585,0.9813365469479213,27.572691764746462,272.4273082352535,263.6201171875,287.0068054199219
416,False,314,0.7647139268554158,36,3789.9494936611673,3790.4749891995084,220.5999668142829,17.18019067904857,37.9897208637078,0.8277890907586114,8.692684286684226,0.9605952602250283,27.574995851785363,272.4250041482146,263.6201171875,287.0068054199219
417,False,211,0.8156896399570881,36,3789.9494936611673,3790.4090570221274,220.60860683927174,17.179517825532532,38.632156670177714,0.8248837285921313,5.858105219215269,0.9734457086550422,27.576075854908968,272.423924145091,263.6201171875,287.0068054199219
418,False,379,0.723031034507675,36,3789.9494936611673,3790.382970378991,220.6088570658928,17.179498339584626,36.14571655684403,0.8361547354100665,11.032691304514431,0.9499898079739423,27.576107133236597,272.4238928667634,263.6201171875,287.0068054199219
419,False,346,0.7318750819213584,36,3789.9494936611673,3790.3302668781866,220.6092023748425,17.179471449344035,36.76692014495473,0.8333391365855938,10.517580104285745,0.9523248350881798,27.576150296855314,272.4238497031447,263.6201171875,287.0068054199219
420,False,312,0.7648968633203089,36,3789.9494936611673,3790.4073056012135,220.62012192004417,17.178621155121554,37.94868604292491,0.8279908209973792,8.692684286684226,0.9605988601083514,27.577515240005525,272.42248475999446,263.6201171875,287.0068054199219
421,False,162,0.8419276643425546,36,3789.9494936611673,3790.3847984583817,220.6222994912649,17.17845159986297,38.95016575802204,0.8234531783603126,4.1168131061662585,0.9813399954779763,27.577787436408112,272.42221256359187,263.6201171875,287.0068054199219
422,False,261,0.7977646604829992,36,3789.9494936611673,3790.383047037468,220.63381457203727,17.177555040747134,38.266695130769236,0.8265601525994779,6.951392173635215,0.9684935322034892,27.57922682150466,272.4207731784953,263.6201171875,287.0068054199219
423,False,301,0.7671157864580944,36,3789.9494936611673,3790.4021685236658,220.6353308373841,17.177436991967944,37.13918956256948,0.8316716120595284,8.776287991236734,0.9602226535617491,27.57941635467301,272.420583645327,263.6201171875,287.0068054199219
424,False,160,0.8437614100207601,36,3789.9494936611673,3790.356671041481,220.64707464769586,17.176522733022985,38.73938616944534,0.8244282810850768,4.1168131061662585,0.981342090699641,27.580884330961982,272.41911566903804,263.6201171875,287.0068054199219
425,False,297,0.7674597071147792,36,3789.9494936611673,3790.4334198227684,220.65464478499766,17.1759334472838,37.05878843909568,0.8320507212743916,8.776287991236734,0.9602261352812753,27.581830598124707,272.4181694018753,263.6201171875,287.0068054199219
426,False,296,0.7676187284608617,36,3789.9494936611673,3790.3657362244735,220.67479989075892,17.174364701077394,37.01775361831279,0.832252012297563,8.776287991236734,0.9602297679862799,27.584349986344865,272.4156500136551,263.6201171875,287.0068054199219
427,False,208,0.8184517489498735,36,3789.9494936611673,3790.3294288056977,220.67537027055167,17.174320310484248,38.235841456682444,0.8267326280689835,5.858105219215269,0.9734537424270179,27.58442128381896,272.415578716181,263.6201171875,287.0068054199219
428,False,289,0.7689292802008522,36,3789.9494936611673,3790.4749050377222,220.68490004132573,17.173578676889342,36.722337114174294,0.8335983245464569,8.776287991236734,0.9602315881621567,27.585612505165717,272.4143874948343,263.6201171875,287.0068054199219
429,False,159,0.8439728310500875,36,3789.9494936611673,3790.3769313826956,220.68784002098906,17.173349892321728,38.70722335073792,0.8246064515967143,4.1168131061662585,0.9813455371815016,27.585980002623632,272.4140199973764,263.6201171875,287.0068054199219
430,False,256,0.7991893515796898,36,3789.9494936611673,3790.3751799617817,220.69935510176148,17.172453865638495,38.02375272348512,0.8277124429930804,6.951392173635215,0.9685028885996063,27.58741938772019,272.41258061227984,263.6201171875,287.0068054199219
431,False,157,0.8448215380939543,36,3789.9494936611673,3790.401330451177,220.70149873309325,17.17228707288738,38.60811087429719,0.8250663856116892,4.1168131061662585,0.981346691663635,27.587687341636656,272.41231265836336,263.6201171875,287.0068054199219
432,False,287,0.7690795960658008,36,3789.9494936611673,3790.4072214394273,220.70505514708694,17.172010360774877,36.681302293391404,0.8337994466463603,8.776287991236734,0.9602352198712084,27.588131893385867,272.4118681066141,263.6201171875,287.0068054199219
433,False,207,0.8186134855527267,36,3789.9494936611673,3790.349689146912,220.71613564384492,17.171148283316988,38.20367863797503,0.8269103501357881,5.858105219215269,0.9734586454129113,27.589516955480615,272.41048304451937,263.6201171875,287.0068054199219
434,False,154,0.845491116619215,36,3789.9494936611673,3790.4325817502795,220.7208126807068,17.170784429575665,38.52770975082339,0.8254459591603747,4.1168131061662585,0.9813483239021885,27.59010158508835,272.40989841491165,263.6201171875,287.0068054199219
435,False,304,0.766897586819257,36,3789.9494936611673,3790.3479377259982,220.7276507246173,17.170252486352776,37.52020801072222,0.8300158231759875,8.692684286684226,0.9606180546109769,27.59095634057716,272.4090436594228,263.6201171875,287.0068054199219
436,False,151,0.8458125905870111,36,3789.9494936611673,3790.3648981519846,220.74096778646808,17.169216623745815,38.48667493004049,0.8256477929041688,4.1168131061662585,0.9813500269231916,27.59262097330851,272.4073790266915,263.6201171875,287.0068054199219
437,False,143,0.8483451451791811,36,3789.9494936611673,3790.4740669652333,220.7510679370349,17.16843107070349,38.19125842590201,0.8269940037762564,4.1168131061662585,0.9813508802261355,27.59388349212936,272.40611650787065,263.6201171875,287.0068054199219
438,False,253,0.7999139194907983,36,3789.9494936611673,3790.4198393714773,220.7537791871588,17.168220211749958,37.89247742833697,0.8283495867302408,6.951392173635215,0.9685106538187883,27.594222398394848,272.40577760160517,263.6201171875,287.0068054199219
439,False,377,0.7242992633535488,36,3789.9494936611673,3790.3858143410403,220.76013185126712,17.167726173558243,35.68627380916802,0.8383481948941263,11.032691304514431,0.9500240772099761,27.595016481408393,272.4049835185916,263.6201171875,287.0068054199219
440,False,139,0.848657880409938,36,3789.9494936611673,3790.4063833669384,220.7712230427961,17.166863694578947,38.15022360511911,0.8271956685327428,4.1168131061662585,0.9813525827803734,27.596402880349512,272.4035971196505,263.6201171875,287.0068054199219
441,False,250,0.8003739393730747,36,3789.9494936611673,3790.45109067058,220.77309313477244,17.166718280055836,37.81207630486317,0.8287287831684247,6.951392173635215,0.9685134086091203,27.596636641846555,272.40336335815346,263.6201171875,287.0068054199219
442,False,248,0.8005909181609135,36,3789.9494936611673,3790.383407072285,220.79324824053364,17.165151216636712,37.77104148408028,0.8289302694485827,6.951392173635215,0.9685162828617734,27.599156030066705,272.4008439699333,263.6201171875,287.0068054199219
443,False,242,0.8023322095363271,36,3789.9494936611673,3790.492575885534,220.80334839110046,17.164366035555656,37.475624979941784,0.8302760114236916,6.951392173635215,0.9685177230133192,27.600418548887557,272.39958145111245,263.6201171875,287.0068054199219
444,False,138,0.8488553184405506,36,3789.9494936611673,3790.426643708153,220.8119884160893,17.163694420972913,38.1180607864117,0.8273732279672082,4.1168131061662585,0.9813560253874952,27.60149855201116,272.39850144798885,263.6201171875,287.0068054199219
445,False,282,0.7707340700797569,36,3789.9494936611673,3790.347853564212,220.81258395166006,17.163648130175666,36.252824261188714,0.8358208413107238,8.776287991236734,0.9602545840722645,27.601572993957507,272.3984270060425,263.6201171875,287.0068054199219
446,False,240,0.8025397263932066,36,3789.9494936611673,3790.424892287239,220.82350349686172,17.162799401536663,37.434590159158894,0.8304773288786675,6.951392173635215,0.9685205964783816,27.602937937107715,272.3970620628923,263.6201171875,287.0068054199219
447,False,376,0.7250306007570597,36,3789.9494936611673,3790.396779768868,220.87587851945582,17.1587296859459,35.390965999566596,0.8397698914123428,11.032691304514431,0.950050266337514,27.609484814931978,272.390515185068,263.6201171875,287.0068054199219
448,False,120,0.8520457934676463,36,3789.9494936611673,3790.347015491723,220.87875184736922,17.158506474538953,37.721745572916426,0.8292196725243053,4.1168131061662585,0.9813616607675734,27.609843980921152,272.39015601907886,263.6201171875,287.0068054199219
449,False,118,0.8522314696478898,36,3789.9494936611673,3790.3672758329376,220.91951722066247,17.15534028564632,37.68958275420901,0.8293967720535833,4.1168131061662585,0.9813651000239412,27.61493965258281,272.3850603474172,263.6201171875,287.0068054199219
450,False,231,0.8047973306561703,36,3789.9494936611673,3790.3655244120237,220.93103230143484,17.154446137246214,37.006112126956204,0.8324992567071083,6.951392173635215,0.9685359177421901,27.616379037679355,272.38362096232066,263.6201171875,287.0068054199219
451,False,280,0.7723172423634972,36,3789.9494936611673,3790.3506975262612,220.96385873703437,17.15189766925426,35.793381513512706,0.8380125070312523,8.776287991236734,0.9602817943106196,27.620482342129296,272.3795176578707,263.6201171875,287.0068054199219
452,False,94,0.8554526101766633,36,3789.9494936611673,3790.3498594537723,221.03002663274353,17.14676305024578,37.26230282524042,0.8314152000390685,4.1168131061662585,0.9813744170016926,27.62875332909294,272.37124667090706,263.6201171875,287.0068054199219
453,False,90,0.8556239570301122,36,3789.9494936611673,3790.3701197949867,221.07079200603673,17.14360119340268,37.230140006533006,0.8315917735278373,4.1168131061662585,0.981377851552394,27.63384900075459,272.3661509992454,263.6201171875,287.0068054199219
454,False,279,0.773228705025287,36,3789.9494936611673,3790.361662954089,221.07960540522308,17.142917759032823,35.49807370391128,0.8394330691931269,8.776287991236734,0.9603025888563966,27.634950675652885,272.3650493243471,263.6201171875,287.0068054199219
455,False,224,0.8070051251402494,36,3789.9494936611673,3790.368368374073,221.0823070868091,17.142708268251535,36.546669379280196,0.8346920209904904,6.951392173635215,0.968557446929004,27.635288385851133,272.36471161414886,263.6201171875,287.0068054199219
456,False,74,0.8575080419564722,36,3789.9494936611673,3790.3608248816,221.14577330093223,17.13778851429303,36.96699501563899,0.83283879016157,4.1168131061662585,0.9813841655451214,27.64322166261653,272.35677833738345,263.6201171875,287.0068054199219
457,False,73,0.8576692200852866,36,3789.9494936611673,3790.3810852228144,221.18653867422543,17.134629966081228,36.93483219693158,0.8330150088775021,4.1168131061662585,0.981387596501839,27.648317334278175,272.3516826657218,263.6201171875,287.0068054199219
458,False,223,0.8083033941991133,36,3789.9494936611673,3790.3793338019004,221.1980537549978,17.133737975194713,36.25136156967877,0.8361135599781031,6.951392173635215,0.968573899925292,27.649756719374725,272.35024328062525,263.6201171875,287.0068054199219
459,False,737,0.34103253170172143,37,3848.5281374238575,3849.3719512738207,223.65580040738126,17.20737012147191,33.37953845841527,0.8507548724530479,32.76971478839774,0.8534814892852819,27.956975050922658,272.04302494907733,263.6201171875,288.885009765625
460,False,460,0.7008649173420892,37,3848.5281374238584,3849.249442861678,223.73079345374973,17.201602327573372,33.40940513048696,0.8506714046164886,12.169512679877224,0.9456064474093373,27.966349181718716,272.0336508182813,263.6201171875,287.314453125
461,False,733,0.3528071215377366,37,3848.5281374238575,3849.258453208741,223.76727589393846,17.198797822644938,33.35021678987511,0.8509602592396821,31.632893413034946,0.8586348549551618,27.970909486742308,272.0290905132577,263.6201171875,288.885009765625
462,False,744,0.3402514835732408,37,3848.5281374238575,3849.382987325279,223.7945132121505,17.196704611679056,33.22874712565298,0.851521171593009,32.86681375173622,0.8531384291777544,27.97431415151881,272.0256858484812,263.6201171875,288.885009765625
463,False,731,0.35383771141103787,37,3848.5281374238575,3849.2999384236946,223.79753115026654,17.196472711934444,33.01376546495373,0.8524837816785968,31.632893413034946,0.8586539661521316,27.974691393783313,272.0253086062167,263.6201171875,288.885009765625
464,False,456,0.7010226799788087,37,3848.5281374238584,3849.2606430727255,223.843843222145,17.19291485540006,33.228516859683836,0.8515549215856364,12.169512679877224,0.9456339182498753,27.980480402768126,272.01951959723186,263.6201171875,287.314453125
465,False,732,0.35295499314218126,37,3848.5281374238575,3849.3109744751528,223.93624395503576,17.185820702595176,32.86297413219144,0.8532485248846542,31.729992376373428,0.8583079191828166,27.99203049437947,272.0079695056205,263.6201171875,288.885009765625
466,False,668,0.38047612356076255,37,3848.5281374238575,3849.2648216089156,224.0012580360338,17.18083269338053,33.12087316929841,0.8521397894829214,29.37649009975725,0.8688556914486988,28.000157254504224,271.99984274549576,263.6201171875,288.885009765625
467,False,462,0.7007574013439039,37,3848.5281374238584,3849.2472409000256,224.05004983916191,17.17709119094858,33.204486209982264,0.8517988001617556,12.169512679877224,0.9456839545957999,28.006256229895236,271.99374377010474,263.6201171875,287.314453125
468,False,459,0.7009501610709802,37,3848.5281374238584,3849.247006116806,224.05274673895534,17.17688443207435,33.09006667118396,0.8523112653033559,12.169512679877224,0.9456846083924337,28.006593342369413,271.9934066576306,263.6201171875,287.314453125
469,False,669,0.37936869075114277,37,3848.5281374238575,3849.2758576603737,224.13997084080307,17.170200045030345,32.970081836536124,0.8529040504785586,29.47358906309573,0.8685036455009199,28.017496355100384,271.9825036448996,263.6201171875,288.885009765625
470,False,455,0.7010794995325458,37,3848.5281374238584,3849.2582063278533,224.16579650735062,17.16822190265615,32.90917840038084,0.8531926863369554,12.169512679877224,0.9457120003609553,28.020724563418828,271.9792754365812,263.6201171875,287.314453125
471,False,400,0.7196541214208382,37,3848.5281374238575,3849.0322720244576,224.95465438255732,17.10801738237903,35.157064178404866,0.8437148843401264,11.032691304514431,0.9509559322753454,28.119331797819665,271.88066820218035,263.6201171875,287.0068054199219
472,False,394,0.7202766758175418,37,3848.5281374238575,3849.043237452285,225.07040105074603,17.099219264092127,34.86175636880344,0.8451073255032622,11.032691304514431,0.950981154105524,28.133800131343254,271.86619986865674,263.6201171875,287.0068054199219
473,False,298,0.7674251389507988,37,3848.5281374238575,3848.9971552096786,225.15838126832463,17.09253777605333,35.26417188274955,0.8433805942105939,8.776287991236734,0.9610217130634906,28.14479765854058,271.8552023414594,263.6201171875,287.0068054199219
474,False,131,0.8497899777207808,37,3848.5281374238575,3848.9014389409654,225.1959996884266,17.08968251100618,36.79891904151947,0.8365915953550099,4.1168131061662585,0.9817189776378704,28.149499961053326,271.8505000389467,263.6201171875,287.0068054199219
475,False,128,0.8501786512023721,37,3848.5281374238575,3848.9963171371896,225.2245491640338,17.087516221959124,36.73309319447726,0.8369045766510821,4.1168131061662585,0.9817212949412192,28.153068645504224,271.8469313544958,263.6201171875,287.0068054199219
476,False,127,0.8503032002323999,37,3848.5281374238575,3849.016577478404,225.265314537327,17.084423961710925,36.70093037576985,0.83707686888614,4.1168131061662585,0.9817246027662013,28.158164317165873,271.84183568283413,263.6201171875,287.0068054199219
477,False,292,0.7681782297974518,37,3848.5281374238575,3849.008120637506,225.27412793651334,17.083755567831776,34.96886407314813,0.8447719478776406,8.776287991236734,0.9610417402494171,28.159265992064167,271.84073400793585,263.6201171875,287.0068054199219
478,False,244,0.8020715570886588,37,3848.5281374238575,3849.01482605749,225.27682961809936,17.083550687161555,36.01745974851704,0.8401191111861097,6.951392173635215,0.9691428888385034,28.159603702262423,271.8403962977376,263.6201171875,287.0068054199219
479,False,121,0.8518971023061214,37,3848.5281374238575,3849.0072825650172,225.3402958322225,17.07873917184029,36.43778538487584,0.8382988481917781,4.1168131061662585,0.9817306838487891,28.167536979027812,271.83246302097217,263.6201171875,287.0068054199219
480,False,116,0.852525573145073,37,3848.5281374238575,3848.9042829030145,225.34727447380092,17.07821027083818,36.33947629384346,0.8387401117732697,4.1168131061662585,0.9817312496200398,28.168409309225115,271.8315906907749,263.6201171875,287.0068054199219
481,False,239,0.8031569712798597,37,3848.5281374238575,3849.0257914853178,225.39257628628806,17.074777709340136,35.722151938915616,0.8415114085499328,6.951392173635215,0.9691587350028524,28.174072035786008,271.825927964214,263.6201171875,287.0068054199219
482,False,102,0.8541207787017913,37,3848.5281374238575,3848.915248330842,225.46302114198963,17.069442775718745,36.044168484242036,0.8401326820616737,4.1168131061662585,0.9817406283065212,28.182877642748704,271.8171223572513,263.6201171875,287.0068054199219
483,False,194,0.8292714496877048,36,3872.7922061357867,3873.1717984199395,226.05837452884387,17.131823646027495,41.77773709857915,0.815190491457557,1.8964401965356825,0.9916108385699566,28.257296816105484,271.7427031838945,263.6201171875,287.0068054199219
484,False,187,0.8345571340886038,36,3872.7922061357867,3873.201237594727,226.071870680329,17.13080090186013,41.249742653649356,0.8175370401920659,1.8964401965356825,0.991611339390307,28.258983835041125,271.74101616495886,263.6201171875,287.0068054199219
485,False,180,0.8371934331759421,36,3872.7922061357867,3873.1998253453808,226.07871112412616,17.130282576714933,40.98568264978544,0.8187105612642904,1.8964401965356825,0.9916115932052777,28.25983889051577,271.74016110948423,263.6201171875,287.0068054199219
486,False,179,0.8379599416991559,36,3872.7922061357867,3873.2310766444834,226.09802507173978,17.12881925840338,40.90528152631164,0.8190816504773423,1.8964401965356825,0.9916123097672616,28.262253133967473,271.7377468660325,263.6201171875,287.0068054199219
487,False,178,0.838329781960129,36,3872.7922061357867,3873.1633930461885,226.118180177501,17.127292476419523,40.86424670552874,0.8192792517901452,1.8964401965356825,0.9916130574063218,28.264772522187624,271.7352274778124,263.6201171875,287.0068054199219
488,False,175,0.8386368145751195,36,3872.7922061357867,3873.2739741087835,226.12143988427064,17.12704557390882,40.83289020525417,0.8194205280748588,1.8964401965356825,0.9916131783102642,28.265179985533834,271.73482001446615,263.6201171875,287.0068054199219
489,False,166,0.8412592916318284,36,3872.7922061357867,3873.2725618594372,226.1282803280678,17.126527475984535,40.568830201390256,0.8205937349254466,1.8964401965356825,0.9916134320139687,28.266035041008475,271.7339649589915,263.6201171875,287.0068054199219
490,False,165,0.8416260929087268,36,3872.7922061357867,3873.2048782611423,226.148435433829,17.125001102512446,40.52779538060736,0.8207911750401395,1.8964401965356825,0.9916141794529877,28.268554429228626,271.73144557077137,263.6201171875,287.0068054199219
491,False,163,0.841860909778528,36,3872.7922061357867,3873.2251386023568,226.18920080712226,17.121914717043555,40.495632561899946,0.8209656676030626,1.8964401965356825,0.9916156908032367,28.273650100890283,271.7263498991097,263.6201171875,287.0068054199219
492,False,371,0.7265119922292514,36,3872.7922061357867,3873.3619935395946,226.20709927595325,17.120559958250084,34.75427907306496,0.8463607942265874,10.672728187772417,0.9528187743800534,28.275887409494153,271.72411259050585,263.6201171875,287.314453125
493,False,370,0.7266901087318091,36,3872.7922061357867,3873.3932448386972,226.22641322356682,17.119098300464696,34.67387794959116,0.8467293122164081,10.672728187772417,0.9528228024495744,28.278301652945853,271.72169834705414,263.6201171875,287.314453125
494,False,150,0.8471760840791915,36,3872.7922061357867,3873.176593548129,226.24080001602883,17.11800968641114,39.94725573369576,0.8234303638827941,1.8964401965356825,0.99161760303004,28.280100002003604,271.7198999979964,263.6201171875,287.0068054199219
495,False,199,0.8264575154010367,36,3872.7922061357867,3873.1745879183586,226.24350747130134,17.117804835248343,42.13929305024991,0.8137436361324304,1.7412921130490109,0.9923034604063947,28.280438433912668,271.71956156608735,263.6201171875,287.0068054199219
496,False,369,0.7267626952310668,36,3872.7922061357867,3873.3255612404023,226.24656832932808,17.117573250872425,34.63284312880827,0.8469243384129648,10.672728187772417,0.952827005215668,28.28082104116601,271.719178958834,263.6201171875,287.314453125
497,False,117,0.8523039266639276,36,3872.7922061357867,3873.206032722917,226.2542961675139,17.116988590874993,39.419261288765966,0.8257745291184182,1.8964401965356825,0.9916181030430838,28.281787020939237,271.71821297906075,263.6201171875,287.0068054199219
498,False,365,0.7274796298444236,36,3872.7922061357867,3873.434730053651,226.2566684798949,17.116809118401395,34.337426624669774,0.8482368415686232,10.672728187772417,0.9528291110291814,28.282083559986862,271.71791644001314,263.6201171875,287.314453125
499,False,190,0.831754300152939,36,3872.7922061357867,3873.204027093146,226.2570036227864,17.116783764150213,41.611298605320115,0.816088351127048,1.7412921130490109,0.9923039195023016,28.2821254528483,271.7178745471517,263.6201171875,287.0068054199219
500,False,98,0.854837220865943,36,3872.7922061357867,3873.2046204735702,226.26113661131112,17.116471101215975,39.155201284902056,0.8269468549865641,1.8964401965356825,0.9916183564489313,28.282642076413886,271.7173579235861,263.6201171875,287.0068054199219
501,False,189,0.8343998983575213,36,3872.7922061357867,3873.2026148438,226.26384406658363,17.116266286875792,41.347238601456205,0.8172609558012778,1.7412921130490109,0.9923041521714067,28.282980508322954,271.71701949167704,263.6201171875,287.0068054199219
502,False,364,0.7275444755071594,36,3872.7922061357867,3873.367046455356,226.2768235856561,17.115284476625853,34.296391803886884,0.8484317074085843,10.672728187772417,0.9528333126714045,28.284602948207013,271.715397051793,263.6201171875,287.314453125
503,False,91,0.8555632077088984,36,3872.7922061357867,3873.235871772673,226.28045055892474,17.115010141484976,39.07480016142826,0.8273169420296299,1.8964401965356825,0.9916190718559585,28.285056319865593,271.7149436801344,263.6201171875,287.0068054199219
504,False,185,0.8351704944106282,36,3872.7922061357867,3873.2338661429026,226.2831580141972,17.114805362106555,41.2668374779824,0.817631865136895,1.7412921130490109,0.9923048090351481,28.28539475177465,271.7146052482253,263.6201171875,287.0068054199219
505,False,89,0.8559082516484086,36,3872.7922061357867,3873.168188174378,226.30060566468595,17.113485820158072,39.03376534064536,0.8275136505887993,1.8964401965356825,0.9916198182900771,28.287575708085743,271.71242429191426,263.6201171875,287.0068054199219
506,False,184,0.835542958217411,36,3872.7922061357867,3873.1661825446076,226.3033131199584,17.113281077254513,41.22580265719951,0.8178294339184216,1.7412921130490109,0.9923054943869691,28.2879141399948,271.7120858600052,263.6201171875,287.0068054199219
507,False,84,0.8562000689763115,36,3872.7922061357867,3873.2787692369734,226.30386537145554,17.113239315550263,39.002408840370784,0.8276546943802654,1.8964401965356825,0.9916199389991732,28.287983171431943,271.71201682856804,263.6201171875,287.0068054199219
508,False,182,0.835851534640425,36,3872.7922061357867,3873.2767636072026,226.30657282672806,17.113034578544898,41.19444615692493,0.8179706155133837,1.7412921130490109,0.9923056052181823,28.288321603341007,271.711678396659,263.6201171875,287.0068054199219
509,False,65,0.8586908601833454,36,3872.7922061357867,3873.2773569876267,226.31070581525276,17.112722052563058,38.73834883650687,0.8288267066422803,1.8964401965356825,0.9916201922940233,28.288838226906595,271.7111617730934,263.6201171875,287.0068054199219
510,False,176,0.838487777711482,36,3872.7922061357867,3873.2753513578564,226.31341327052527,17.112517327934153,40.930386153061015,0.8191429064607205,1.7412921130490109,0.9923058377853744,28.28917665881566,271.7108233411843,263.6201171875,287.0068054199219
511,False,206,0.8193567583720686,36,3872.7922061357867,3873.433891981162,226.32283637560406,17.111804836647256,35.806347936397486,0.8417908307009131,6.013253302701941,0.97343063829086,28.290354546950507,271.7096454530495,263.6201171875,287.314453125
512,False,64,0.8590288670765636,36,3872.7922061357867,3873.209673389332,226.33086092101397,17.111198138760813,38.697314015723975,0.829023254459193,1.8964401965356825,0.991620938528584,28.291357615126746,271.70864238487326,263.6201171875,287.0068054199219
513,False,173,0.8388578193787155,36,3872.7922061357867,3873.2076677595614,226.33356837628648,17.110993450592144,40.88935133227812,0.819340314273231,1.7412921130490109,0.99230652295397,28.29169604703581,271.7083039529642,263.6201171875,287.0068054199219
514,False,205,0.8195084466392561,36,3872.7922061357867,3873.366208382867,226.34299148136526,17.11028108619229,35.76531311561459,0.8419862135711008,6.013253302701941,0.9734330042059332,28.292873935170658,271.70712606482937,263.6201171875,287.314453125
515,False,63,0.8592320722817379,36,3872.7922061357867,3873.2299337305467,226.37162629430722,17.108116726169314,38.66515119701656,0.8291961239579215,1.8964401965356825,0.9916224474436999,28.296453286788402,271.7035467132116,263.6201171875,287.0068054199219
516,False,172,0.8390963255302851,36,3872.7922061357867,3873.227928100776,226.37433374957968,17.10791211171473,40.857188513570705,0.819514925403302,1.7412921130490109,0.9923079083913494,28.29679171869746,271.7032082813025,263.6201171875,287.0068054199219
517,False,204,0.819572222561195,36,3872.7922061357867,3873.3864687240816,226.38375685465846,17.107200003850867,35.733150296907176,0.842156739540954,6.013253302701941,0.973437788177698,28.297969606832307,271.7020303931677,263.6201171875,287.314453125
518,False,158,0.8444539187357076,36,3872.7922061357867,3873.179383046548,226.4259329584863,17.104013464949873,40.30881168536652,0.821977937073326,1.7412921130490109,0.9923096613082377,28.303241619810787,271.69675838018924,263.6201171875,287.0068054199219
519,False,133,0.8496356860957621,36,3872.7922061357867,3873.208822221336,226.43942910997137,17.102994038440837,39.780817240436726,0.8243202723271441,1.7412921130490109,0.9923101196647014,28.304928638746418,271.69507136125355,263.6201171875,287.0068054199219
520,False,398,0.7199861975276457,36,3872.7922061357867,3873.4902230528746,226.4414561134026,17.102840940027694,34.07777898822983,0.8495073315057489,11.032691304514431,0.9512779528365636,28.305182014175326,271.69481798582467,263.6201171875,287.314453125
521,False,353,0.7296160765862032,36,3872.7922061357867,3873.43751955207,226.4418014223523,17.102814859312893,34.69898257634053,0.8467642354088984,10.517580104285745,0.9535528332745036,28.30522517779404,271.69477482220594,263.6201171875,287.314453125
522,False,119,0.8522019945246838,36,3872.7922061357867,3873.2074099719894,226.4462695537686,17.102477394604247,39.516757236572815,0.8254916836808842,1.7412921130490109,0.9923103519590746,28.30578369422107,271.6942163057789,263.6201171875,287.0068054199219
523,False,171,0.8404805264102347,36,3872.7922061357867,3873.192174604384,226.4468890481189,17.102430607085253,41.62519716648389,0.816181192236919,0.0,1.0,28.30586113101486,271.69413886898514,263.6201171875,287.0068054199219
524,False,152,0.8457892909904227,36,3872.7922061357867,3873.2216137791715,226.46038519960396,17.101411369243575,41.09720272155409,0.8185236562000426,0.0,1.0,28.30754814995049,271.6924518500495,263.6201171875,287.0068054199219
525,False,397,0.7200441679003152,36,3872.7922061357867,3873.4225394545797,226.4616112191638,17.101318785495156,34.03674416744693,0.8497019252657925,11.032691304514431,0.9512822891035723,28.307701402395477,271.6922985976045,263.6201171875,287.314453125
526,False,352,0.7296896461766511,36,3872.7922061357867,3873.3698359537752,226.46195652811357,17.101292709422513,34.65794775555764,0.846959073007677,10.517580104285745,0.9535569670706255,28.307744566014197,271.6922554339858,263.6201171875,287.314453125
527,False,111,0.8529397518837794,36,3872.7922061357867,3873.238661271092,226.46558350138216,17.101018822633375,39.436356113099016,0.8258615922853535,1.7412921130490109,0.9923110077649464,28.30819793767277,271.6918020623272,263.6201171875,287.0068054199219
528,False,141,0.8484391461786575,36,3872.7922061357867,3873.2202015298253,226.46722564340118,17.10089482101903,40.83314271769018,0.8196951342443402,0.0,1.0,28.308403205425144,271.6915967945749,263.6201171875,287.0068054199219
529,False,108,0.8532914820303085,36,3872.7922061357867,3873.170977672797,226.48573860714336,17.099496992406387,39.39532129231612,0.8260582695643796,1.7412921130490109,0.9923116920131143,28.31071732589292,271.68928267410706,263.6201171875,287.0068054199219
530,False,135,0.8492093976359106,36,3872.7922061357867,3873.251452828928,226.48653959101475,17.099436518961365,40.75274159421638,0.8200655029309604,0.0,1.0,28.310817448876843,271.68918255112317,263.6201171875,287.0068054199219
531,False,104,0.8535878773160198,36,3872.7922061357867,3873.2815587353925,226.48899831391302,17.09925089062432,39.36396479204154,0.8261992190124696,1.7412921130490109,0.9923118026658603,28.311124789239127,271.6888752107609,263.6201171875,287.0068054199219
532,False,85,0.856118785188923,36,3872.7922061357867,3873.280146486046,226.49583875771023,17.09873447290409,39.09990478817763,0.8273703172533601,1.7412921130490109,0.9923120348585666,28.31197984471378,271.6880201552862,263.6201171875,287.0068054199219
533,False,134,0.8495807778493736,36,3872.7922061357867,3873.183769230633,226.50669469677595,17.09791497032918,40.711706773433484,0.8202626777635241,0.0,1.0,28.313336837096994,271.686663162903,263.6201171875,287.0068054199219
534,False,130,0.849889476329365,36,3872.7922061357867,3873.294350293228,226.5099544035456,17.09766891408268,40.68035027315891,0.8204036975757648,0.0,1.0,28.3137443004432,271.6862556995568,263.6201171875,287.0068054199219
535,False,80,0.8564644322371756,36,3872.7922061357867,3873.212462887751,226.51599386347144,17.097213049203248,39.058869967394735,0.8275668340181895,1.7412921130490109,0.9923127189239513,28.31449923293393,271.68550076706606,263.6201171875,287.0068054199219
536,False,115,0.8525276105924086,36,3872.7922061357867,3873.292938043882,226.51679484734282,17.097152591911737,40.416290269295,0.8215748624885282,0.0,1.0,28.314599355917853,271.68540064408216,263.6201171875,287.0068054199219
537,False,113,0.852896117251481,36,3872.7922061357867,3873.225254445587,226.53694995310403,17.095631449692878,40.3752554485121,0.8217718766988331,0.0,1.0,28.317118744138003,271.682881255862,263.6201171875,287.0068054199219
538,False,305,0.7666428598986667,36,3872.7922061357867,3873.3377103143434,226.5411897098309,17.095311502055402,34.73301443611785,0.8466812393781183,8.776287991236734,0.9612596367023675,28.31764871372886,271.6823512862711,263.6201171875,287.314453125
539,False,399,0.7199202392979707,36,3872.7922061357867,3873.320411739838,226.5533307110339,17.094395363692477,34.024826854399194,0.8498153757103777,11.032691304514431,0.95130201233463,28.31916633887924,271.68083366112074,263.6201171875,287.314453125
540,False,354,0.7295678591308937,36,3872.7922061357867,3873.2677082390337,226.5536760199836,17.094369308729203,34.6460304425099,0.8470736337138318,10.517580104285745,0.9535757693759159,28.31920950249795,271.6807904975021,263.6201171875,287.314453125
541,False,395,0.7201951337194671,36,3872.7922061357867,3873.5014232639223,226.5545058817979,17.09430669260831,33.896890717426714,0.8503808583038643,11.032691304514431,0.9513022649380869,28.319313235224733,271.68068676477526,263.6201171875,287.314453125
542,False,79,0.8566749946165272,36,3872.7922061357867,3873.232723228966,226.55675923676463,17.09413667101629,39.02670714868732,0.8277398243152736,1.7412921130490109,0.9923141021308958,28.31959490459558,271.6804050954044,263.6201171875,287.0068054199219
543,False,308,0.7660723574593383,36,3872.7922061357867,3873.4551903998818,226.5602497721271,17.093873307568373,35.45227044210802,0.8435194590500068,8.692684286684226,0.9616319089715549,28.320031221515887,271.6799687784841,263.6201171875,287.314453125
544,False,391,0.7207631383301334,36,3872.7922061357867,3873.3631715793645,226.569140023737,17.093202568231693,33.60826613524425,0.8516644140869175,11.032691304514431,0.9513054103336467,28.321142502967124,271.6788574970329,263.6201171875,287.314453125
545,False,348,0.7305714458994569,36,3872.7922061357867,3873.31046807856,226.5694853326867,17.093176516904357,34.22946972335495,0.8489228605825114,10.517580104285745,0.9535790087140724,28.321185666585833,271.67881433341415,263.6201171875,287.314453125
546,False,110,0.8531311380872812,36,3872.7922061357867,3873.2455147868013,226.57771532639723,17.092555640596977,40.34309262980469,0.8219458936123161,0.0,1.0,28.322214415799653,271.67778558420036,263.6201171875,287.0068054199219
547,False,307,0.7661772927924652,36,3872.7922061357867,3873.387506801587,226.5804048778883,17.09235274878674,35.41123562132513,0.8437144834284791,8.692684286684226,0.9616353219451215,28.322550609736037,271.677449390264,263.6201171875,287.314453125
548,False,303,0.7669237608406674,36,3872.7922061357867,3873.382369724039,226.59561379522822,17.0912055236673,34.6017391409697,0.8472974010333718,8.776287991236734,0.9612689414228125,28.324451724403527,271.6755482755965,263.6201171875,287.314453125
549,False,302,0.7671150165730984,36,3872.7922061357867,3873.413621023142,226.61492774284184,17.089748873607103,34.5213380174959,0.8476652074012087,8.776287991236734,0.9612722423952764,28.326865967855227,271.6731340321448,263.6201171875,287.314453125
550,False,71,0.8577914272838387,36,3872.7922061357867,3873.1545072618824,226.61668222424734,17.089616563636238,38.89445193905596,0.8283689816773147,1.7412921130490109,0.9923161344700744,28.327085278030914,271.6729147219691,263.6201171875,287.0068054199219
551,False,62,0.8602690954014875,36,3872.7922061357867,3873.1530950125357,226.62352266804456,17.089100727679565,38.63039193519205,0.8295393546071677,1.7412921130490109,0.992316366401207,28.327940333505566,271.6720596664944,263.6201171875,287.0068054199219
552,False,68,0.8584818088762709,36,3872.7922061357867,3873.1969697325735,226.62931453530385,17.088663988931984,39.7947158016005,0.8244061414420358,0.0,1.0,28.32866431691298,271.671335683087,263.6201171875,287.0068054199219
553,False,300,0.7671920986947092,36,3872.7922061357867,3873.345937424847,226.63508284860305,17.088229048469483,34.48030319671301,0.8478598160385143,8.776287991236734,0.9612756865312884,28.32938535607538,271.67061464392464,263.6201171875,287.314453125
554,False,203,0.8221510057917976,36,3872.7922061357867,3873.309630006071,226.63565322839585,17.08818604208278,35.69839103508266,0.8424855466182675,5.858105219215269,0.9741518815077534,28.329456653549478,271.67054334645053,263.6201171875,287.314453125
555,False,54,0.8636517220966594,36,3872.7922061357867,3873.2264089073615,226.64281068678892,17.087646391254065,39.26672135667071,0.826746230168599,0.0,1.0,28.33035133584862,271.6696486641514,263.6201171875,287.0068054199219
556,False,294,0.7679563383398212,36,3872.7922061357867,3873.4551062380956,226.64518299916986,17.087467533558705,34.184886692574516,0.8491700276166922,8.776287991236734,0.9612774122304251,28.330647874896233,271.6693521251038,263.6201171875,287.314453125
557,False,50,0.8662083443302806,36,3872.7922061357867,3873.224996658015,226.64965113058614,17.087130674224795,39.0026613528068,0.8279165171521262,0.0,1.0,28.33120639132327,271.6687936086767,263.6201171875,287.0068054199219
558,False,246,0.8016214704599998,36,3872.7922061357867,3873.355381162155,226.6596380596056,17.0863777922267,35.48630230188533,0.8434379291978162,6.951392173635215,0.9693311423544796,28.3324547574507,271.6675452425493,263.6201171875,287.314453125
559,False,61,0.8604696542975966,36,3872.7922061357867,3873.1733553537506,226.6642880413378,17.086027267910364,38.59822911648463,0.8297119080821179,1.7412921130490109,0.992317748295967,28.33303600516723,271.66696399483277,263.6201171875,287.0068054199219
560,False,293,0.7680232757033761,36,3872.7922061357867,3873.3874226398007,226.66533810493112,17.085948114144117,34.143851871791625,0.8493644764688932,8.776287991236734,0.961280855447012,28.33316726311639,271.66683273688363,263.6201171875,287.314453125
561,False,46,0.8669404132063381,36,3872.7922061357867,3873.2562479571175,226.6689650781997,17.085674718635133,38.922260229333,0.8282858872369008,0.0,1.0,28.33362063477496,271.66637936522505,263.6201171875,287.0068054199219
562,False,309,0.7660521210672694,36,3872.7922061357867,3873.2853790868453,226.6721243697584,17.08543658336348,35.39931830827739,0.843830297145262,8.692684286684226,0.9616508456394739,28.3340155462198,271.6659844537802,263.6201171875,287.314453125
563,False,202,0.8222126284020698,36,3872.7922061357867,3873.3298903472855,226.67641860168905,17.085112911285997,35.666228216375245,0.8426557626223697,5.858105219215269,0.9741565300204031,28.33455232521113,271.6654476747889,263.6201171875,287.314453125
564,False,126,0.8510584608663937,36,3872.7922061357867,3873.1568555019094,226.68018972399213,17.084828678021374,38.34511524163331,0.8308404660842985,2.8948345888196654,0.9872294328307011,28.33502371549902,271.664976284501,263.6201171875,287.0068054199219
565,False,124,0.8513871765952491,36,3872.7922061357867,3873.412782950653,226.681095638551,17.084760399742624,35.990259329223605,0.8412295510225916,4.1168131061662585,0.9818387453326473,28.335136954818875,271.6648630451811,263.6201171875,287.314453125
566,False,388,0.7209254345079995,36,3872.7922061357867,3873.3743717904117,226.68218979213228,17.084677934720588,33.42737786444113,0.8525363730820932,11.032691304514431,0.9513296950473639,28.335273724016535,271.66472627598347,263.6201171875,287.314453125
567,False,299,0.7673881268908599,36,3872.7922061357867,3873.3281389263716,226.68793368246142,17.084245037764973,34.98275758912244,0.8456787839527207,8.692684286684226,0.9616535201257747,28.335991710307677,271.66400828969233,263.6201171875,287.314453125
568,False,43,0.8672877890914102,36,3872.7922061357867,3873.1885643588225,226.6891201839609,17.084155618024234,38.8812254085501,0.8284821725145101,0.0,1.0,28.336140022995114,271.6638599770049,263.6201171875,287.0068054199219
569,False,42,0.8675823351839358,36,3872.7922061357867,3873.299145421418,226.69237989073056,17.083909957637463,38.849868908275525,0.8286229606526616,0.0,1.0,28.33654748634132,271.6634525136587,263.6201171875,287.0068054199219
570,False,41,0.8700984913606161,36,3872.7922061357867,3873.2977331720713,226.69922033452778,17.083394466116456,38.585808904411614,0.8297929351169686,0.0,1.0,28.337402541815973,271.66259745818405,263.6201171875,287.0068054199219
571,False,123,0.8515810176314333,36,3872.7922061357867,3873.345099352358,226.7012507443122,17.083241461705754,35.949224508440714,0.8414246750275476,4.1168131061662585,0.9818403599775043,28.337656343039026,271.66234365696096,263.6201171875,287.314453125
572,False,109,0.8532685586975847,36,3872.7922061357867,3873.4542681656067,226.71135089487902,17.08248039125096,35.65380800430223,0.8427347908979022,4.1168131061662585,0.981841169002274,28.338918861859877,271.6610811381401,263.6201171875,287.314453125
573,False,245,0.8020363800853193,36,3872.7922061357867,3873.4000405718507,226.714062145003,17.08227610362698,35.35502700673719,0.844054547511373,6.951392173635215,0.9693385045997314,28.339257768125375,271.6607422318746,263.6201171875,287.314453125
574,False,40,0.8704389128489413,36,3872.7922061357867,3873.2300495737763,226.71937544028899,17.081875770938524,38.54477408362872,0.8299890602257757,0.0,1.0,28.339921930036123,271.6600780699639,263.6201171875,287.0068054199219
575,False,387,0.7213633426027091,36,3872.7922061357867,3873.3660155414136,226.72041480911125,17.081797461408623,33.14882338756824,0.8537898608933028,11.032691304514431,0.9513379008511277,28.340051851138906,271.6599481488611,263.6201171875,287.314453125
576,False,125,0.8512384232156247,36,3872.7922061357867,3873.1771158431243,226.72095509728538,17.08175675457075,38.31295242292589,0.8310127424856432,2.8948345888196654,0.9872317290319392,28.340119387160673,271.65988061283934,263.6201171875,287.0068054199219
577,False,107,0.8534466927733407,36,3872.7922061357867,3873.3865845673117,226.73150600064028,17.080961858581976,35.61277318351933,0.8429297550583078,4.1168131061662585,0.9818427832162212,28.341438250080035,271.65856174991995,263.6201171875,287.314453125
578,False,243,0.8023115708052797,36,3872.7922061357867,3873.4312918709534,226.73337609261657,17.08082097517844,35.27462588326338,0.8444224379702514,6.951392173635215,0.9693411164539106,28.34167201157707,271.6583279884229,263.6201171875,287.314453125
579,False,241,0.8024287539834019,36,3872.7922061357867,3873.3636082726584,226.75353119837783,17.079302737506794,35.23359106248049,0.8446172331858595,6.951392173635215,0.9693438415847482,28.34419139979723,271.65580860020276,263.6201171875,287.314453125
580,False,295,0.7678856604671347,36,3872.7922061357867,3873.285294925059,226.75705759680116,17.07903712978158,34.13193455874388,0.8494779614778994,8.776287991236734,0.9612965167027263,28.344632199600145,271.65536780039986,263.6201171875,287.314453125
581,False,291,0.7681975761375136,36,3872.7922061357867,3873.4663064491433,226.75823276756515,17.078948617956154,34.0039984217714,0.8500429377722896,8.776287991236734,0.9612967172828837,28.344779095945643,271.6552209040544,263.6201171875,287.314453125
582,False,39,0.8706418272774444,36,3872.7922061357867,3873.2503099149912,226.76014081358218,17.078804909190723,38.512611264921304,0.83016145991644,0.0,1.0,28.345017601697773,271.65498239830225,263.6201171875,287.0068054199219
583,False,234,0.8035052377324443,36,3872.7922061357867,3873.472777085907,226.76363134894464,17.078542017949612,34.938174558342006,0.8459269048105028,6.951392173635215,0.9693452070233503,28.34545391861808,271.6545460813819,263.6201171875,287.314453125
584,False,106,0.853519783483869,36,3872.7922061357867,3873.406844908526,226.77227137393348,17.077891325389565,35.58061036481192,0.8430998192625514,4.1168131061662585,0.9818460472207473,28.346533921741685,271.6534660782583,263.6201171875,287.314453125
585,False,290,0.76883493472738,36,3872.7922061357867,3873.3280547645854,226.77286690950424,17.077846476586018,33.715373839588935,0.8513253622487237,8.776287991236734,0.9612992148891473,28.346608363688034,271.653391636312,263.6201171875,287.314453125
586,False,233,0.8036100471182123,36,3872.7922061357867,3873.4050934876122,226.78378645470585,17.077024185365545,34.897139737559115,0.8461215403309755,6.951392173635215,0.9693479314270839,28.34797330683823,271.65202669316176,263.6201171875,287.314453125
587,False,36,0.8717407711719858,36,3872.7922061357867,3873.172093947908,226.8200638010649,17.07429290528929,38.380356055289944,0.8307894133697455,0.0,1.0,28.352507975133115,271.6474920248669,263.6201171875,287.0068054199219
588,False,103,0.8539747235232236,36,3872.7922061357867,3873.465468376654,226.8244006632743,17.073966446339387,35.472919733499104,0.8436106537490231,4.1168131061662585,0.9818502194026393,28.353050082909288,271.6469499170907,263.6201171875,287.314453125
589,False,26,0.8741961688437905,36,3872.7922061357867,3873.170681698561,226.8269042448621,17.073777993967884,38.11629605142603,0.8319586639057637,0.0,1.0,28.353363030607767,271.64663696939226,263.6201171875,287.0068054199219
590,False,100,0.8546050823300156,36,3872.7922061357867,3873.1596994639585,226.83146450936644,17.07343473936734,37.8856724939573,0.8329787599092413,2.8948345888196654,0.9872379495715854,28.35393306367081,271.6460669363292,263.6201171875,287.0068054199219
591,False,386,0.7214795307343081,36,3872.7922061357867,3873.377215752461,226.83346457750653,17.073284197061213,32.967935116765126,0.8546601790958391,11.032691304514431,0.951362153176721,28.354183072188317,271.64581692781167,263.6201171875,287.314453125
592,False,384,0.7216570559278785,36,3872.7922061357867,3873.3769809692412,226.83616147729995,17.073081209423243,32.85351557796682,0.8551663219655806,11.032691304514431,0.95136273144166,28.354520184662494,271.6454798153375,263.6201171875,287.314453125
593,False,93,0.8554544844390332,36,3872.7922061357867,3873.3272166920965,226.8390348052134,17.07286494787527,35.18429515131665,0.8448931191162519,4.1168131061662585,0.9818513903054589,28.35487935065167,271.6451206493483,263.6201171875,287.314453125
594,False,25,0.8743876631006974,36,3872.7922061357867,3873.190942039776,226.86766961815536,17.07071004279343,38.084133232718614,0.8321306279699587,0.0,1.0,28.35845870226942,271.64154129773056,263.6201171875,287.0068054199219
595,False,99,0.8547716884279607,36,3872.7922061357867,3873.1799598051734,226.87222988265964,17.07036691153796,37.85350967524988,0.8331505372216421,2.8948345888196654,0.9872402427114289,28.359028735332455,271.64097126466754,263.6201171875,287.0068054199219
596,False,235,0.8034629104008171,36,3872.7922061357867,3873.3029657728707,226.87550594657594,17.07012041682341,34.88522242451137,0.846236277120519,6.951392173635215,0.9693603232105976,28.359438243321993,271.640561756678,263.6201171875,287.314453125
597,False,232,0.8039052899220602,36,3872.7922061357867,3873.4839772969544,226.87668111733993,17.070031997395052,34.75728628753889,0.8468009752418648,6.951392173635215,0.969360481917311,28.35958513966749,271.6404148603325,263.6201171875,287.314453125
598,False,92,0.8555092244597475,36,3872.7922061357867,3873.347477033311,226.8798001785066,17.069797324789228,35.152132332609234,0.8450627499453371,4.1168131061662585,0.9818546512165156,28.359975022313325,271.64002497768666,263.6201171875,287.314453125
599,False,288,0.7690118842538012,36,3872.7922061357867,3873.3392549756327,226.88591667789953,17.069337149003516,33.53448556878581,0.8521967072271246,8.776287991236734,0.9613184982138135,28.36073958473744,271.6392604152626,263.6201171875,287.314453125
600,False,230,0.8048242433329317,36,3872.7922061357867,3873.345725612397,226.89131525927897,17.068931006504908,34.468661705356425,0.8480829393316904,6.951392173635215,0.9693624581192474,28.36141440740987,271.6385855925901,263.6201171875,287.314453125
601,False,286,0.76948559985498,36,3872.7922061357867,3873.3308987266346,226.9241416948785,17.066461845840674,33.25593109191293,0.8534491269041408,8.776287991236734,0.961325014052329,28.365517711859813,271.6344822881402,263.6201171875,287.314453125
602,False,78,0.8567530501903506,36,3872.7922061357867,3873.170664891786,226.94721117755515,17.064727017534736,37.590364684355876,0.8343651614429994,2.8948345888196654,0.9872444584192098,28.368401397194393,271.6315986028056,263.6201171875,287.0068054199219
603,False,382,0.721743444868417,36,3872.7922061357867,3873.3881811802885,226.94921124569524,17.064576628746693,32.6726273071637,0.8560355106421044,11.032691304514431,0.9513869590294789,28.368651405711905,271.6313485942881,263.6201171875,287.314453125
604,False,86,0.8560533852413234,36,3872.7922061357867,3873.338416903144,226.9520845736087,17.06436058259558,35.00340688051352,0.8457674140941381,4.1168131061662585,0.9818604305225889,28.369010571701086,271.6309894282989,263.6201171875,287.314453125
605,False,22,0.8756171195833584,36,3872.7922061357867,3873.174937909957,226.9713385864392,17.062913010317743,37.92091330761394,0.8329264234692249,0.0,1.0,28.371417323304904,271.6285826766951,263.6201171875,287.0068054199219
606,False,11,0.8779986697668005,36,3872.7922061357867,3873.1735256606103,226.97817903023642,17.062398785126746,37.656853303750026,0.8340948303284536,0.0,1.0,28.372272378779552,271.62772762122046,263.6201171875,287.0068054199219
607,False,77,0.8569101355580415,36,3872.7922061357867,3873.190925233001,226.98797655084834,17.061662317907967,37.558201865648456,0.8345366021744551,2.8948345888196654,0.9872467492207845,28.373497068856043,271.62650293114393,263.6201171875,287.0068054199219
608,False,76,0.8572568848466477,36,3872.7922061357867,3873.3300606541457,226.99030959058766,17.061486955636873,34.72485240364064,0.8470205513782844,4.1168131061662585,0.9818634852140095,28.373788698823457,271.62621130117657,263.6201171875,287.314453125
609,False,229,0.8051441340875586,36,3872.7922061357867,3873.3569258234447,227.00436502767425,17.060430558961507,34.2877734345533,0.8489554444013742,6.951392173635215,0.96937771583032,28.37554562845928,271.6244543715407,263.6201171875,287.314453125
610,False,9,0.8781758675519467,36,3872.7922061357867,3873.193786001825,227.01894440352962,17.059334921634733,37.624690485042606,0.8342662962163891,0.0,1.0,28.377368050441202,271.6226319495588,263.6201171875,287.0068054199219
611,False,75,0.8572908084428855,36,3872.7922061357867,3873.35032099536,227.0310749638809,17.05842341957779,34.69268958493323,0.8471896871806972,4.1168131061662585,0.9818667417805196,28.378884370485114,271.62111562951486,263.6201171875,287.314453125
612,False,285,0.7695988117881742,36,3872.7922061357867,3873.342098937682,227.03719146327379,17.057963856825904,33.07504282110981,0.8543188338089527,8.776287991236734,0.9613442716822173,28.379648932909223,271.6203510670908,263.6201171875,287.314453125
613,False,284,0.7697846566474894,36,3872.7922061357867,3873.341864154462,227.0398883630672,17.05776123331541,32.9606232823115,0.8548245265624732,8.776287991236734,0.9613447308553893,28.3799860453834,271.6200139546166,263.6201171875,287.314453125
614,False,228,0.805859944655983,36,3872.7922061357867,3873.348569574446,227.04259004465328,17.057558255365702,34.00921895768042,0.8502077563905887,6.951392173635215,0.969382871415147,28.38032375558166,271.6196762444183,263.6201171875,287.314453125
615,False,2,0.8803053081588011,36,3872.7922061357867,3873.184491088438,227.09392569842512,17.053702313811577,37.3615454941486,0.8354797673286789,0.0,1.0,28.38674071230314,271.61325928769685,263.6201171875,287.0068054199219
616,False,72,0.8577442098436293,36,3872.7922061357867,3873.3412608651934,227.10335935898294,17.052993919011357,34.54396413283752,0.8478932049691358,4.1168131061662585,0.9818725133886778,28.387919919872868,271.61208008012716,263.6201171875,287.314453125
617,False,70,0.8582173738336782,36,3872.7922061357867,3873.3410260819733,227.10605625877636,17.05279141355406,34.429544594039214,0.8483988266926338,4.1168131061662585,0.9818727286538086,28.388257032347045,271.61174296765296,263.6201171875,287.314453125
618,True,1,0.8804721402046504,36,3872.7922061357867,3873.204751429653,227.13469107171832,17.050641572462144,37.32938267544118,0.8356508972746293,0.0,1.0,28.39183638396479,271.6081636160352,263.6201171875,287.0068054199219
619,False,69,0.8582373914146131,36,3872.7922061357867,3873.3612864231877,227.14682163206962,17.049730999137203,34.3973817753318,0.8485676289538915,4.1168131061662585,0.9818759819019848,28.393352704008702,271.6066472959913,263.6201171875,287.314453125
620,False,283,0.7698566158205645,36,3872.7922061357867,3873.3530643655095,227.1529381314625,17.049271904616294,32.779735011508386,0.8556931057940468,8.776287991236734,0.9613639688597928,28.39411726643281,271.60588273356717,263.6201171875,287.314453125
621,False,227,0.8060992063601282,36,3872.7922061357867,3873.359769785494,227.15563981304857,17.04906912865177,33.8283306868773,0.8510786229445222,6.951392173635215,0.9693981088061195,28.39445497663107,271.6055450233689,263.6201171875,287.314453125
622,False,226,0.8063793706129981,36,3872.7922061357867,3873.359535002274,227.158336712842,17.048866716397495,33.71391114807899,0.8515840904809151,6.951392173635215,0.9693984721220129,28.39479208910525,271.60520791089476,263.6201171875,287.314453125
623,False,67,0.8586298760636147,36,3872.7922061357867,3873.352226293021,227.21910602717165,17.04430702967674,34.2486563232361,0.849270350006832,4.1168131061662585,0.9818817476305274,28.402388253396456,271.59761174660355,263.6201171875,287.314453125
624,False,66,0.858641037265077,36,3872.7922061357867,3873.3724866342354,227.2598714004649,17.041249659564244,34.216493504528685,0.8494389119659658,4.1168131061662585,0.9818849976425805,28.407483925058113,271.5925160749419,263.6201171875,287.314453125
625,False,225,0.8065658848157562,36,3872.7922061357867,3873.3707352133215,227.27138648123727,17.04038623645881,33.533022877275876,0.8524538288939235,6.951392173635215,0.9694136939926263,28.40892331015466,271.59107668984535,263.6201171875,287.314453125
626,False,83,0.8563182828644031,36,3872.7922061357867,3873.2043344708704,228.0658796319212,16.981024133843,37.275530874725156,0.8365580553527574,2.8948345888196654,0.9873070246479145,28.508234953990147,271.49176504600985,263.6201171875,287.0068054199219
627,False,81,0.8564567154242383,36,3872.7922061357867,3873.2245948120853,228.10664500521446,16.977989422654723,37.243368056017744,0.8367282634174626,2.8948345888196654,0.9873092930337322,28.513330625651808,271.4866693743482,263.6201171875,287.0068054199219
628,False,12,0.8777734417029225,36,3872.7922061357867,3873.2274555809095,228.13761285789573,16.975684796649922,37.30985667541189,0.8364589853990811,0.0,1.0,28.517201607236967,271.482798392763,263.6201171875,287.0068054199219
629,False,4,0.8797617797873307,36,3872.7922061357867,3873.218160667522,228.21259415279118,16.970107283136635,37.04671168451788,0.8376657878061075,0.0,1.0,28.5265742690989,271.4734257309011,263.6201171875,287.0068054199219
630,False,3,0.8799069989978505,36,3872.7922061357867,3873.238421008737,228.25335952608444,16.967076472288287,37.01454886581047,0.8378356886283617,0.0,1.0,28.531669940760555,271.46833005923946,263.6201171875,287.0068054199219
631,False,418,0.7149670318051853,37,3931.370849898477,3932.012473224831,230.9149373404015,17.025190726847942,32.61961375680509,0.8587375328226639,11.032691304514431,0.9522218379131937,28.86436716755019,271.1356328324498,263.6201171875,287.314453125
632,False,480,0.6906279400910185,37,3931.370849898477,3932.1066517138324,231.00200303410023,17.01877385590519,32.50919066986208,0.8592687931581999,12.169512679877224,0.9473185837350476,28.87525037926253,271.1247496207375,263.6201171875,287.314453125
633,False,417,0.7150172639055445,37,3931.370849898477,3932.0236734358787,231.0279871087968,17.016859728112063,32.438725486001964,0.8595896285469268,11.032691304514431,0.9522452173756816,28.8784983885996,271.1215016114004,263.6201171875,287.314453125
634,False,416,0.7151641322720413,37,3931.370849898477,3932.0234386526586,231.0306840085902,17.016661084517676,32.32430594720366,0.8600865244981841,11.032691304514431,0.9522457748335099,28.878835501073777,271.12116449892625,263.6201171875,287.314453125
635,False,322,0.762211265432498,37,3931.370849898477,3931.977356410052,231.11866422616876,17.01018333184595,32.72672146114977,0.8583986214582654,8.776287991236734,0.9620269179876861,28.889833028271095,271.1101669717289,263.6201171875,287.314453125
636,False,415,0.7151858229725784,37,3931.370849898477,3932.0346388637063,231.1437337769855,17.008338429332387,32.14341767640054,0.8609375337537227,11.032691304514431,0.9522691308813108,28.892966722123187,271.10703327787684,263.6201171875,287.314453125
637,False,129,0.8500505304026766,37,3931.370849898477,3931.714122913201,231.14871235042378,17.007972096935063,36.962845962560344,0.8400906256984711,2.8948345888196654,0.9874763109887843,28.893589043802972,271.106410956197,263.6201171875,287.0068054199219
638,False,148,0.8474836483560659,37,3931.370849898477,3931.976518337563,231.18483212187792,17.005314811595877,34.195642772877484,0.8520852667581152,4.1168131061662585,0.9821925466805888,28.89810401523474,271.10189598476524,263.6201171875,287.314453125
639,False,149,0.8474754932530297,37,3931.370849898477,3931.9967786787774,231.22559749517112,17.00231675249787,34.16347995417007,0.852250441455196,4.1168131061662585,0.982195686157748,28.90319968689639,271.0968003131036,263.6201171875,287.314453125
640,False,321,0.762231217932925,37,3931.370849898477,3931.9885566210996,231.23171399456405,17.001867010296426,32.545833190346656,0.859250132137533,8.776287991236734,0.9620454831232923,28.903964249320506,271.0960357506795,263.6201171875,287.314453125
641,False,319,0.7623717816461587,37,3931.370849898477,3931.9883218378795,231.23441089435747,17.001668716575995,32.43141365154835,0.8597465942628881,8.776287991236734,0.9620459257889333,28.904301361794683,271.0956986382053,263.6201171875,287.314453125
642,False,260,0.797850649662123,37,3931.370849898477,3931.9950272578635,231.23711257594354,17.001470075904557,33.48000932691726,0.8552135124247339,6.951392173635215,0.9699382504123242,28.904639071992943,271.09536092800704,263.6201171875,287.314453125
643,False,122,0.8517246928635588,37,3931.370849898477,3931.725088341029,231.26445901861248,16.99945969467827,36.66753815295892,0.841447586418768,2.8948345888196654,0.9874825790305,28.90805737732656,271.09194262267346,263.6201171875,287.0068054199219
644,False,147,0.8476288230028473,37,3931.370849898477,3931.892840352386,231.26933241466608,16.999101475545086,34.080580349116566,0.8526368369152808,4.1168131061662585,0.9821990530989002,28.90866655183326,271.0913334481667,263.6201171875,287.314453125
645,False,35,0.8721403837624278,37,3931.370849898477,3931.830948771855,231.28844822971533,16.99769651268465,36.832335863385445,0.8407515111744637,0.0,1.0,28.911056028714416,271.0889439712856,263.6201171875,287.0068054199219
646,False,33,0.8728395303345808,37,3931.370849898477,3931.727949109853,231.29542687129376,16.997183658482452,36.73402677235307,0.8411813529162684,0.0,1.0,28.91192835891172,271.0880716410883,263.6201171875,287.0068054199219
647,False,146,0.84776244015899,37,3931.370849898477,3931.9877185486102,231.2978818902732,16.997003248665735,34.01475450207436,0.8529396195758904,4.1168131061662585,0.9822012502988711,28.91223523628415,271.0877647637158,263.6201171875,287.314453125
648,False,145,0.8481206001946342,37,3931.370849898477,3931.9874837653906,231.30057879006662,16.99680506838106,33.90033496327606,0.8534360132576896,4.1168131061662585,0.9822014578272942,28.912572348758328,271.0874276512417,263.6201171875,287.314453125
649,False,142,0.848401394057853,37,3931.370849898477,3931.884484103388,231.30755743164505,16.99629226796992,33.80202587224368,0.8538654497606171,4.1168131061662585,0.9822019948164347,28.91344467895563,271.0865553210444,263.6201171875,287.314453125
650,False,320,0.7623526211476815,37,3931.370849898477,3931.9995220489272,231.34746066275275,16.993360716543336,32.25052538074523,0.860597020220773,8.776287991236734,0.9620644723478059,28.918432582844094,271.0815674171559,263.6201171875,287.314453125
651,False,259,0.7979615695085619,37,3931.370849898477,3932.0062274689108,231.35016234433883,16.993162269958002,33.299121056114146,0.8560661435519024,6.951392173635215,0.9699529401527333,28.918770293042353,271.08122970695763,263.6201171875,287.314453125
652,False,258,0.798176361594916,37,3931.370849898477,3932.005992685691,231.35285924413225,16.99296417923215,33.18470151731584,0.8565623886139306,6.951392173635215,0.9699532904138443,28.91910740551653,271.0808925944835,263.6201171875,287.314453125
653,False,34,0.8727272611335325,37,3931.370849898477,3931.740326787027,231.4043330956853,16.989184244328136,36.702778966615554,0.8413911335383724,0.0,1.0,28.92554163696066,271.07445836303935,263.6201171875,287.0068054199219
654,False,24,0.8745848268915932,37,3931.370849898477,3931.7389145376806,231.41117353948246,16.988682049217136,36.43871896275164,0.8425369077671843,0.0,1.0,28.926396692435308,271.07360330756467,263.6201171875,287.0068054199219
655,False,144,0.8483290410275184,37,3931.370849898477,3931.998683976438,231.4136285584619,16.988501819828198,33.719446692472935,0.8542892788876761,4.1168131061662585,0.9822101527390111,28.92670356980774,271.0732964301923,263.6201171875,287.314453125
656,False,140,0.8485866737232524,37,3931.370849898477,3931.895684314435,231.42060720004034,16.987989520311793,33.621137601440566,0.8547184798785944,4.1168131061662585,0.9822106892036296,28.927575900005042,271.072424099995,263.6201171875,287.314453125
657,False,137,0.8488872114657502,37,3931.370849898477,3931.8954495312155,231.42330409983376,16.98779155016524,33.50671806264226,0.8552145895895265,4.1168131061662585,0.9822108965120026,28.92791301247922,271.0720869875208,263.6201171875,287.314453125
658,False,257,0.7982373255198005,37,3931.370849898477,3932.0171928967384,231.46590901252753,16.984664682027542,33.00381324651272,0.8574139345732918,6.951392173635215,0.9699679654628579,28.93323862656594,271.0667613734341,263.6201171875,287.314453125
659,False,136,0.8490010508098497,37,3931.370849898477,3931.9066497422627,231.53635386822904,16.979497103663824,33.32582979183914,0.8560665345416755,4.1168131061662585,0.9822195822064763,28.94204423352863,271.05795576647137,263.6201171875,287.314453125
660,False,60,0.8622754739542745,36,3955.634918610406,3956.257558188,232.27098877309695,17.03025823201116,36.200898414907094,0.8441436935102069,1.8964401965356825,0.9918352257139255,29.033873596637118,270.96612640336286,263.6201171875,287.314453125
661,False,59,0.8624735179337917,36,3955.634918610406,3956.189874589705,232.29114387885815,17.028780574920688,36.1598635941242,0.8443338691681596,1.8964401965356825,0.9918359341433839,29.03639298485727,270.9636070151427,263.6201171875,287.314453125
662,False,58,0.8625476832048098,36,3955.634918610406,3956.21013493092,232.33190925215135,17.025792674553927,36.127700775416784,0.8444996174149839,1.8964401965356825,0.9918373666250146,29.04148865651892,270.95851134348106,263.6201171875,287.314453125
663,False,37,0.8715218720962713,37,3931.370849898477,3931.7616186889372,232.41409532565987,16.915371868430867,36.41919296272235,0.8433004120869193,0.0,1.0,29.05176191570748,270.94823808429254,263.6201171875,287.0068054199219
664,False,38,0.8713835805963861,37,3931.370849898477,3931.773996366111,232.52300155005136,16.90744925745437,36.38794515698484,0.8435081909556711,0.0,1.0,29.06537519375642,270.93462480624356,263.6201171875,287.0068054199219
665,False,32,0.8730984175857432,37,3931.370849898477,3931.772584116765,232.52984199384858,16.906951882771583,36.12388515312092,0.8446483907468678,0.0,1.0,29.066230249231072,270.93376975076893,263.6201171875,287.0068054199219
666,False,57,0.8633296506706998,36,3955.634918610406,3956.133296212909,232.58380562588874,17.00735314724813,36.092941513592265,0.8448174780850917,1.7412921130490109,0.9925132701807714,29.072975703236093,270.92702429676393,263.6201171875,287.314453125
667,False,56,0.8633997203852939,36,3955.634918610406,3956.153556554124,232.62457099918194,17.00437276088224,36.060778694884846,0.8449829330582123,1.7412921130490109,0.9925145821631407,29.078071374897743,270.9219286251023,263.6201171875,287.314453125
668,False,114,0.8528744280416671,36,3955.634918610406,3956.1370567022827,232.64047268183631,17.003210460375097,35.80766482003352,0.8460815334182854,2.8948345888196654,0.987556616630595,29.08005908522954,270.91994091477045,263.6201171875,287.314453125
669,False,31,0.8731575218994653,36,3955.634918610406,3956.2779343724446,232.6595032923719,17.001819666225074,36.048358482811835,0.8450595914944785,0.0,1.0,29.08243791154649,270.9175620884535,263.6201171875,287.314453125
670,False,30,0.8733506952184295,36,3955.634918610406,3956.2102507741497,232.6796583981331,17.00034693983436,36.00732366202894,0.8452493702719058,0.0,1.0,29.08495729976664,270.91504270023336,263.6201171875,287.314453125
671,False,112,0.8529283273714959,36,3955.634918610406,3956.1573170434976,232.6812380551295,17.000231525642786,35.7755020013261,0.8462467266361641,2.8948345888196654,0.9875587966910603,29.08515475689119,270.9148452431088,263.6201171875,287.314453125
672,False,29,0.8734184399328524,36,3955.634918610406,3956.2305111153646,232.72042377142637,16.99736900829794,35.975160843321525,0.8454146814434489,0.0,1.0,29.090052971428296,270.9099470285717,263.6201171875,287.314453125
673,False,105,0.8535208628129085,36,3955.634918610406,3956.1482569133304,232.7535224502316,16.9949519000565,35.62677654923041,0.8469334591623708,2.8948345888196654,0.9875626604558105,29.09419030627895,270.90580969372104,263.6201171875,287.314453125
674,False,28,0.8739130868246481,36,3955.634918610406,3956.2891345834923,232.7725530607672,16.993562456557132,35.86747021200871,0.8459119439109937,0.0,1.0,29.096569132595903,270.9034308674041,263.6201171875,287.314453125
675,False,27,0.8740374741165722,36,3955.634918610406,3956.152295148281,232.78034675890908,16.992993496599876,35.84290563369016,0.8460226297763329,0.0,1.0,29.097543344863634,270.90245665513635,263.6201171875,287.314453125
676,False,23,0.8755875442911826,36,3955.634918610406,3956.1508828989345,232.7871872027063,16.992494158047972,35.57884562982625,0.8471614951949872,0.0,1.0,29.098398400338287,270.9016015996617,263.6201171875,287.314453125
677,False,97,0.8548652034664382,36,3955.634918610406,3956.139900664332,232.79174746721057,16.9921612842722,35.34822207235752,0.8481551753575954,2.8948345888196654,0.9875647026996633,29.09896843340132,270.9010315665987,263.6201171875,287.314453125
678,False,21,0.8756361037630405,36,3955.634918610406,3956.1711432401494,232.8279525759995,16.989518976761225,35.54668281111883,0.8473263952294744,0.0,1.0,29.103494071999936,270.89650592800007,263.6201171875,287.314453125
679,False,96,0.8548996754561966,36,3955.634918610406,3956.160161005547,232.83251284050382,16.98918621953849,35.3160592536501,0.848319898184312,2.8948345888196654,0.9875668799279648,29.104064105062978,270.895935894937,263.6201171875,287.314453125
680,False,17,0.876234456702792,36,3955.634918610406,3956.1620831099817,232.90023697110158,16.98424600186742,35.39795735902313,0.8480123600586318,0.0,1.0,29.112529621387697,270.8874703786123,263.6201171875,287.314453125
681,False,95,0.8554093358481949,36,3955.634918610406,3956.1511008753796,232.90479723560586,16.983913451163897,35.167333801554406,0.849005541238469,2.8948345888196654,0.9875707386744325,29.113099654450732,270.8869003455493,263.6201171875,287.314453125
682,False,88,0.8559515943970538,36,3955.634918610406,3956.1508660921595,232.90749413539928,16.983716789769,35.0529142627561,0.8494985556695813,2.8948345888196654,0.9875708825962605,29.11343676692491,270.8865632330751,263.6201171875,287.314453125
683,False,18,0.8762082103938302,36,3955.634918610406,3956.1551391103303,232.93162154428333,16.981957590753254,35.38346288601416,0.8480950647600789,0.0,1.0,29.116452693035416,270.8835473069646,263.6201171875,287.314453125
684,False,14,0.8776097405959072,36,3955.634918610406,3956.1537268609836,232.93846198808055,16.981458900560682,35.11940288215025,0.849233129718409,0.0,1.0,29.11730774851007,270.8826922514899,263.6201171875,287.314453125
685,False,87,0.8559730375691346,36,3955.634918610406,3956.1711264333744,232.94825950869253,16.98074468104279,35.02075144404868,0.8496629615610334,2.8948345888196654,0.9875730576612801,29.118532438586566,270.88146756141344,263.6201171875,287.314453125
686,False,13,0.8776363268588704,36,3955.634918610406,3956.1739872021985,232.9792273613738,16.97848758196294,35.08724006344283,0.8493975601995665,0.0,1.0,29.122403420171725,270.87759657982826,263.6201171875,287.314453125
687,False,82,0.856426677652686,36,3955.634918610406,3956.162066303207,233.02054390379456,16.975477150390393,34.87202599195298,0.8503478474140447,2.8948345888196654,0.9875769125746491,29.12756798797432,270.8724320120257,263.6201171875,287.314453125
688,False,10,0.8781418872234923,36,3955.634918610406,3956.164927072031,233.05151175647583,16.973221451332165,34.93851461134713,0.8500824373632225,0.0,1.0,29.13143896955948,270.8685610304405,263.6201171875,287.314453125
689,False,8,0.8786947811407322,36,3955.634918610406,3956.1646922888112,233.05420865626925,16.9730250374691,34.82409507254882,0.8505751289653355,0.0,1.0,29.131776082033657,270.86822391796636,263.6201171875,287.314453125
690,False,7,0.8787065897210004,36,3955.634918610406,3956.184952630026,233.0949740295625,16.970056669298792,34.7919322538414,0.8507392430974128,0.0,1.0,29.136871753695313,270.8631282463047,263.6201171875,287.314453125
691,False,6,0.8791490742035175,36,3955.634918610406,3956.1758924998585,233.16725842466454,16.964795766505343,34.643206801745706,0.8514233643445321,0.0,1.0,29.145907303083067,270.85409269691695,263.6201171875,287.314453125
692,False,5,0.8791514469899151,36,3955.634918610406,3956.196152841074,233.2080237979578,16.961830275777356,34.611043983038286,0.8515872506469849,0.0,1.0,29.151002974744724,270.8489970252553,263.6201171875,287.314453125
693,False,101,0.85413080453571,36,3955.634918610406,3956.195735882291,234.13921235816068,16.89437185156114,34.55719218232226,0.852407497939899,2.8948345888196654,0.9876362675022949,29.267401544770085,270.7325984552299,263.6201171875,287.314453125
694,False,19,0.8761772257629643,36,3955.634918610406,3956.1983618678955,234.17287711063537,16.891943112359506,34.5092612629181,0.8526333976474392,0.0,1.0,29.27160963882942,270.72839036117057,263.6201171875,287.314453125
695,False,20,0.8761684739040301,36,3955.634918610406,3956.2186222091104,234.21364248392857,16.889003034406233,34.47709844421069,0.8527963696795482,0.0,1.0,29.27670531049107,270.7232946895089,263.6201171875,287.314453125
696,False,15,0.8765208870179516,36,3955.634918610406,3956.2095620789432,234.28592687903065,16.88379225890434,34.328372992114986,0.8534765896978531,0.0,1.0,29.285740859878832,270.71425914012116,263.6201171875,287.314453125
697,False,16,0.8765028867623456,36,3955.634918610406,3956.2298224201577,234.32669225232385,16.880855017365942,34.29621017340757,0.8536393364163682,0.0,1.0,29.29083653154048,270.7091634684595,263.6201171875,287.314453125
698,False,421,0.7077699824930366,38,3989.9494936611673,3990.6182482088725,235.14099070362712,16.96832815802039,32.084273384033914,0.863553039867587,11.032691304514431,0.9530805272551561,29.39262383795339,270.6073761620466,263.6201171875,287.314453125
699,False,332,0.753940492664206,38,3989.9494936611673,3990.5831313940935,235.34471758939438,16.95363947204639,32.1913810883786,0.8632160457302345,8.776287991236734,0.9627087955016321,29.418089698674297,270.5819103013257,263.6201171875,287.314453125
700,False,273,0.788661289357128,38,3989.9494936611673,3990.6008022419046,235.46316593916916,16.94511104421297,32.94466895414609,0.8600856791220705,6.951392173635215,0.9704777936459451,29.432895742396145,270.56710425760383,263.6201171875,287.314453125
701,False,181,0.836881670650343,38,3989.9494936611673,3990.490259087429,235.53361079487067,16.94004299512084,33.26668549947251,0.8587603468260634,4.1168131061662585,0.9825213348860361,29.441701349358834,270.5582986506412,263.6201171875,287.314453125
702,False,156,0.8450696424618873,37,4014.2135623730965,4014.7055243246223,237.22204507666325,16.9217559905776,34.24450727015744,0.8556436554659554,2.8948345888196654,0.9877969410984374,29.652755634582906,270.3472443654171,263.6201171875,287.314453125
703,False,155,0.8454375422732482,37,4014.2135623730965,4014.705289541402,237.22474197645667,16.921563614858886,34.13008773135914,0.8561276220726319,2.8948345888196654,0.9877970798294431,29.653092747057087,270.3469072529429,263.6201171875,287.314453125
704,False,51,0.8661007953810176,37,4014.2135623730965,4014.8111499722286,237.2487311875595,16.9198526048159,34.29488544178567,0.8554475496238861,0.0,1.0,29.65609139844494,270.3439086015551,263.6201171875,287.314453125
705,False,48,0.8664229818115923,37,4014.2135623730965,4014.7081503102263,237.25570982913794,16.919354924119517,34.19657635075329,0.855866160711663,0.0,1.0,29.656963728642243,270.34303627135773,263.6201171875,287.314453125
706,False,153,0.8456222933399675,37,4014.2135623730965,4014.71648975245,237.33779174485196,16.9135034621395,33.94919946055602,0.8569583073518573,2.8948345888196654,0.9878028923774106,29.667223968106494,270.3327760318935,263.6201171875,287.314453125
707,False,49,0.8663272724964176,37,4014.2135623730965,4014.8223501832763,237.3617809559548,16.91179408161746,34.11399717098254,0.8562784748513798,0.0,1.0,29.67022261949435,270.3297773805057,263.6201171875,287.314453125
708,False,47,0.866626055498458,37,4014.2135623730965,4014.7193505212736,237.36875959753323,16.911296874868164,34.015688079950166,0.8566968621413158,0.0,1.0,29.671094949691653,270.3289050503083,263.6201171875,287.314453125
709,False,45,0.8669777462272574,37,4014.2135623730965,4014.719115738054,237.37145649732665,16.91110473688443,33.901268541151865,0.8571805176519458,0.0,1.0,29.67143206216583,270.3285679378342,263.6201171875,287.314453125
710,False,44,0.8671081996773106,37,4014.2135623730965,4014.730315949101,237.48450626572193,16.903054542352265,33.72038027034874,0.8580101885357568,0.0,1.0,29.68556328321524,270.31443671678477,263.6201171875,287.314453125
711,False,446,0.702563929471793,37,4014.2135623730965,4014.8806937169475,237.79164423104234,16.881222110869544,32.059056066064294,0.8651800563903954,11.032691304514431,0.9536035366583576,29.723955528880293,270.2760444711197,263.6201171875,287.314453125
712,False,533,0.6366717782162729,37,4014.2135623730965,4014.7756320263534,237.84523530572855,16.877418449073357,32.05163342471576,0.8652416417612222,14.167495156328648,0.9404339753196334,29.730654413216072,270.2693455867839,263.6201171875,287.314453125
713,False,340,0.7480390855579425,37,4014.2135623730965,4014.8455769021684,237.9953711168096,16.866771582725008,32.166163770408986,0.8648454227514297,8.776287991236734,0.9631241231707433,29.749421389601196,270.2505786103988,263.6201171875,287.314453125
714,False,277,0.7819756795300403,37,4014.2135623730965,4014.8632477499805,238.11381946658437,16.858381304225098,32.919451636176476,0.861749092472156,6.951392173635215,0.9708064311882127,29.764227433323047,270.2357725666769,263.6201171875,287.314453125
715,False,195,0.8286163904553536,37,4014.2135623730965,4014.752704595505,238.18426432228588,16.85339530633932,33.241468181502896,0.8604380172800834,4.1168131061662585,0.9827158476741528,29.773033040285735,270.2269669597143,263.6201171875,287.314453125
716,False,161,0.8427240736375626,37,4014.2135623730965,4014.7501593315337,238.45646019921801,16.83415730913488,33.634365650925304,0.8589496563740586,2.8948345888196654,0.9878601125488435,29.807057524902255,270.19294247509777,263.6201171875,287.314453125
717,False,55,0.8635630144228722,37,4014.2135623730965,4014.7530201003583,238.4874280518993,16.83197137544512,33.700854270319454,0.8586891789407636,0.0,1.0,29.81092850648741,270.1890714935126,263.6201171875,287.314453125
718,False,53,0.8638582389711473,37,4014.2135623730965,4014.752785317138,238.4901249516927,16.831781035739716,33.586434731521145,0.8591705432737551,0.0,1.0,29.81126561896159,270.1887343810384,263.6201171875,287.314453125
719,False,52,0.8638994740170886,37,4014.2135623730965,4014.763985528186,238.603174720088,16.823806167215846,33.40554646071803,0.8599953814532979,0.0,1.0,29.825396840011003,270.174603159989,263.6201171875,287.314453125
720,False,463,0.6997828048964866,39,4048.5281374238575,4049.259488691033,239.1690903357596,16.927472240414914,32.04526532880802,0.8660141856800099,11.032691304514431,0.9538707477248582,29.89613629196995,270.1038637080301,263.6201171875,287.314453125
721,False,341,0.7448891497914334,39,4048.5281374238575,4049.224371876254,239.3728172215269,16.913065503495154,32.15237303315271,0.8656807677398166,8.776287991236734,0.9633363215877818,29.921602152690863,270.07839784730913,263.6201171875,287.314453125
722,False,278,0.7784214517487773,39,4048.5281374238575,4049.242042724066,239.49126557130162,16.904700585911453,32.9056608989202,0.8626018330128892,6.951392173635215,0.9709743394730793,29.936408196412703,270.0635918035873,263.6201171875,287.314453125
723,False,201,0.8242816265736963,39,4048.5281374238575,4049.1314995695902,239.5617104270032,16.899729636291287,33.22767744424662,0.8612980455640409,4.1168131061662585,0.9828152291164214,29.945213803375403,270.0547861966246,263.6201171875,287.314453125
724,False,472,0.6943864354204703,38,4072.7922061357867,4073.4643030621137,241.78890115768397,16.844413397948703,31.99991177369767,0.867653512545521,11.032691304514431,0.9543705635300463,30.223612644710496,269.7763873552895,263.6201171875,287.314453125
725,False,537,0.629331850579674,38,4072.7922061357867,4073.3592413715196,241.84249223237018,16.840680761024057,31.992489132349135,0.8677135319065035,14.167495156328648,0.9414185033177873,30.230311529046272,269.7696884709537,263.6201171875,287.314453125
726,False,343,0.7387800258510212,38,4072.7922061357867,4073.4291862473347,241.99262804345122,16.83023255321849,32.10701947804235,0.867322324082214,8.776287991236734,0.9637332423628173,30.249078505431402,269.7509214945686,263.6201171875,287.314453125
727,False,281,0.7715622272445761,38,4072.7922061357867,4073.4468570951467,242.111076393226,16.821998674364405,32.86030734380984,0.8642759024769292,6.951392173635215,0.9712884173777119,30.26388454915325,269.73611545084674,263.6201171875,287.314453125
728,False,209,0.8160219941417165,38,4072.7922061357867,4073.336313940671,242.1815212489275,16.817105554265417,33.18232388913626,0.8629857318675043,4.1168131061662585,0.983001126242267,30.27269015611594,269.7273098438841,263.6201171875,287.314453125
729,False,132,0.8497833293044174,38,4072.7922061357867,4073.347594873352,242.60043164672962,16.78806661014731,33.346402168351396,0.8625459899555751,0.0,1.0,30.325053955841202,269.6749460441588,263.6201171875,287.314453125
730,False,547,0.624286002798906,37,4097.056274847715,4097.6216868795955,244.49314575978534,16.757346150198728,31.967271814379515,0.8692508466237848,14.167495156328648,0.9420536100825982,30.561643219973167,269.4383567800268,263.6201171875,287.314453125
731,False,169,0.8405554773036261,37,4097.056274847715,4097.610040381427,245.25108517414483,16.70555819126561,33.32118485038178,0.8641344040263003,0.0,1.0,30.656385646768104,269.3436143532319,263.6201171875,287.314453125
732,False,482,0.6857618570145786,39,4131.370849898477,4132.105543544275,245.81700078981643,16.806692932646133,31.960903718471776,0.8699809060570238,11.032691304514431,0.9551182738823348,30.727125098727054,269.2728749012729,263.6201171875,287.314453125
733,False,560,0.6216218454952734,39,4131.370849898477,4132.000481853681,245.87059186450264,16.80302966926294,31.953481077123243,0.8700394348310978,14.167495156328648,0.9423782443890799,30.73382398306283,269.26617601693715,263.6201171875,287.314453125
734,False,355,0.7290566854859505,39,4131.370849898477,4132.070426729496,246.02072767558374,16.792775506892763,32.06801142281647,0.8696532128581334,8.776287991236734,0.9643270383184558,30.752590959447968,269.24740904055204,263.6201171875,287.314453125
735,False,324,0.7607097918637398,39,4131.370849898477,4132.088097577307,246.13917602535847,16.784694401808036,32.82129928858396,0.8666555246564953,6.951392173635215,0.9717582861619759,30.767397003169812,269.23260299683017,263.6201171875,287.314453125
736,False,237,0.8032016171604536,39,4131.370849898477,4131.977554422831,246.20962088106003,16.779892008745982,33.14331583391038,0.8653857809645814,4.1168131061662585,0.9832792354277861,30.776202610132504,269.2237973898675,263.6201171875,287.314453125
737,False,183,0.8358154985748338,39,4131.370849898477,4131.9888353555125,246.62853127886214,16.751390556784965,33.30739411312551,0.8649491446086384,0.0,1.0,30.828566409857768,269.1714335901422,263.6201171875,287.314453125
738,False,567,0.6165148765739307,38,4155.634918610405,4156.205296224762,248.49040268642696,16.723522814901028,31.90812752201289,0.8715921131075708,14.167495156328648,0.9429857451106199,31.06130033580337,268.93869966419663,263.6201171875,287.314453125
739,False,198,0.8269374949447825,38,4155.634918610405,4156.193649726593,249.24834210078646,16.672668245592686,33.26204055801515,0.8665506045991461,0.0,1.0,31.156042762598307,268.8439572374017,263.6201171875,287.314453125
740,False,568,0.6084602039182935,39,4214.213562373096,4214.846536706922,252.51850231855948,16.688731810458552,31.869119466786998,0.8737949133462578,14.167495156328648,0.9438952194542326,31.564812789819936,268.43518721018006,263.6201171875,287.314453125
741,False,325,0.7598578756791692,39,4214.213562373096,4214.931607166578,253.0592823563475,16.653068494989313,33.12983514767012,0.8690827112161882,5.729413656288621,0.9773594013112679,31.632410294543437,268.36758970545657,263.6201171875,287.314453125
742,False,216,0.8135038356077933,39,4214.213562373096,4214.834890208755,253.27644173291898,16.638790143842122,33.223032502789266,0.8688269928483001,0.0,1.0,31.65955521661487,268.3404447833851,263.6201171875,287.314453125
743,False,342,0.7446205073531361,40,4521.320343559644,4522.076781736697,275.7617042197999,16.395751383795698,33.1650933233151,0.8797327808183243,0.0,1.0,34.47021302747499,265.529786972525,263.2720947265625,287.314453125
744,False,344,0.7356580679528428,40,4521.320343559644,4522.01682176243,278.98027050370166,16.206595310114064,33.14810605521924,0.8811811817539283,0.0,1.0,34.87253381296271,265.12746618703727,263.2720947265625,287.314453125
745,False,345,0.7335664005522367,41,4579.8989873223345,4580.660391081862,279.75896114644155,16.37087501524199,33.105949030948466,0.8816625966321809,0.0,1.0,34.969870143305194,265.0301298566948,263.2720947265625,287.314453125
746,False,347,0.7314798279806626,41,4579.8989873223345,4580.655255327413,280.53069825717677,16.32583890381832,33.086610518250815,0.8820570770906554,0.0,1.0,35.066337282147096,264.9336627178529,263.2720947265625,287.314453125
747,False,351,0.7300591732327252,41,4579.8989873223345,4580.664133629841,281.06877887329034,16.29458456994619,33.04896830535955,0.8824167933633835,0.0,1.0,35.13359735916129,264.8664026408387,263.2720947265625,287.314453125
748,False,389,0.7208253128995745,42,4638.477631085025,4639.23886467258,284.5279551838184,16.30236167159164,33.02746622588418,0.883921893704445,0.0,1.0,35.5659943979773,264.4340056020227,263.2720947265625,287.314453125
749,False,401,0.7194483311842222,42,4638.477631085025,4639.247742975008,285.06603579993197,16.2715899074713,32.989824012992926,0.8842730459964505,0.0,1.0,35.633254474991496,264.3667455250085,263.2720947265625,287.314453125
750,False,414,0.7154376849989392,42,4638.477631085026,4639.274086389119,286.62727166821264,16.182959856151886,32.92534610725778,0.885128355317945,0.0,1.0,35.82840895852658,264.17159104147345,263.2720947265625,287.314453125
751,False,431,0.7052876830209801,43,4697.056274847716,4697.857695734285,290.62452859485427,16.161940279293002,32.866201814891156,0.8869118103217353,0.0,1.0,36.328066074356784,263.6719339256432,263.2720947265625,287.314453125
752,False,467,0.6987248886596732,42,4721.320343559644,4722.120141242361,293.2751821222695,16.09860169344734,32.840984496921536,0.8880198990611152,0.0,1.0,36.659397765283686,263.3406022347163,263.2720947265625,287.314453125
753,False,470,0.6953720861372095,44,4755.634918610406,4756.498936216446,294.65262822698674,16.139801457826756,32.82719375966526,0.8885901885308258,0.0,1.0,36.83157852837334,263.16842147162663,263.2720947265625,287.314453125
754,False,481,0.6891204465766465,43,4779.8989873223345,4780.703750587527,297.2724390489111,16.079186495105535,32.78184020455491,0.8897245896409481,0.0,1.0,37.15905488111389,262.8409451188861,263.2720947265625,287.314453125
755,False,483,0.6797488286260459,44,4838.477631085025,4839.344991069687,301.3005386810436,16.05864248456267,32.74283214932902,0.8913283318620597,0.0,1.0,37.66256733513044,262.33743266486954,263.2720947265625,287.314453125
756,False,487,0.6658573333043051,45,4897.056274847715,4897.94819475961,307.53374917838255,15.923638585784014,32.71038935717608,0.8936364238248119,0.0,1.0,38.44171864729782,261.5582813527022,263.2720947265625,287.314453125
